Text,Summary
['  ঢাকা-চট্টগ্রাম মহাসড়কের ওপর মঞ্চ বানিয়ে গতকাল বুধবার সকালে সভা করেছে নারায়ণগঞ্জের সোনারগাঁ উপজেলা যুবলীগ। এর ফলে গুরুত্বপূর্ণ মহাসড়কটিতে ১২ কিলোমিটারজুড়ে যানবাহনের সারি তৈরি হয়। প্রায় দুই ঘণ্টা যানজটের দুর্ভোগ পোহান শত শত গাড়ির যাত্রী ও চালকেরা।'],"ঢাকা-চট্টগ্রাম মহাসড়কের ওপর মঞ্চ বানিয়ে গতকাল বুধবার সকালে সভা করেছে নারায়ণগঞ্জের সোনারগাঁ উপজেলা যুবলীগ
এ সময় সবগুলো লেনেই যানবাহনের চলাচল ব্যাহত হতে থাকে

"
['  আল্লাহর নামে আর অখণ্ড পাকিস্তান রক্ষার অজুহাতে ঢাকা আজ ধ্বংসপ্রাপ্ত ও ভয়ের নগরী।'],"আল্লাহর নামে আর অখণ্ড পাকিস্তান রক্ষার অজুহাতে ঢাকা আজ ধ্বংসপ্রাপ্ত ও ভয়ের নগরী
ঠান্ডা মাথায় পাকিস্তানি সৈন্যরা টানা ২৪ ঘণ্টা গোলাবর্ষণের পর নগরীর সাত হাজার মানুষ নিহত, বিশাল বিস্তৃত এলাকা মাটির সঙ্গে মিশে গেছে এবং পূর্ব পাকিস্তানের স্বাধীনতার লড়াইকে নির্মমভাবে থামিয়ে দেওয়া হয়েছে
প্রেসিডেন্ট ইয়াহিয়া খান দাবি করেছেন বটে যে পরিস্থিতি এখন শান্ত, তবু রাস্তাঘাটে দেখা যাচ্ছে গ্রামমুখী হাজার হাজার মানুষ
সৈন্যদের দেখে মনে হচ্ছে পূর্ব পাকিস্তানের ৭ কোটি ৩০ লাখ মানুষের ওপর তাদের নিয়ন্ত্রণ প্রতিদিনই সুপ্রতিষ্ঠিত হচ্ছে
ছাত্রদের হত্যা করা হয়েছে তাদের বিছানায়, কসাই নিহত হয়েছে তার ছোট্ট দোকানটিতে, নারী ও শিশু ঘরের ভেতর জীবন্ত দগ্ধ হয়েছে, হিন্দু ধর্মাবলম্বী পাকিস্তানিদের একসঙ্গে জড়ো করে মারা হয়েছে, বাড়িঘর-বাজার-দোকানপাট জ্বালিয়ে দেওয়া হয়েছে আর পাকিস্তানি পতাকা উড়ছে সব ভবনের শীর্ষে
"
['  খালেদা জিয়ার বিরুদ্ধে মামলা দিয়ে সরকার বিএনপির কাউন্সিল ‘ভন্ডুলের ষড়যন্ত্রে লিপ্ত’ রয়েছে বলে অভিযোগ করেছেন দলটির ভাইস চেয়ারম্যান আবদুল্লাহ আল নোমান। '],"খালেদা জিয়ার বিরুদ্ধে মামলা দিয়ে সরকার বিএনপির কাউন্সিল ‘ভন্ডুলের ষড়যন্ত্রে লিপ্ত’ রয়েছে বলে অভিযোগ করেছেন দলটির ভাইস চেয়ারম্যান আবদুল্লাহ আল নোমান
তিনি বলেন, \""সরকার বিএনপির চেয়ারপারসন খালেদা জিয়ার বিরুদ্ধে ষড়যন্ত্রমূলক বহু মামলা দিয়েছে। সর্বশেষ মামলার লক্ষ্যই হচ্ছে, আমরা মার্চে যে কাউন্সিল করতে যাচ্ছি, তাতে প্রতিবন্ধকতা সৃষ্টি করা। এটা তাদের (সরকার) একটি ষড়যন্ত্র\""
"
"['  ইংল্যান্ডের প্রাচীন যুগের নৃপতিরা ব্যক্তিবিশেষের প্রতি তাঁদের রাগ-অনুরাগের কারণে একই আইনের ভিন্ন ভিন্ন প্রয়োগ কার্যকর করতেন। সে কারণেই আইনের সমতা নীতির ধারণার প্রচলন ঘটে, যা বাংলাদেশ সংবিধানের ২৭ অনুচ্ছেদে স্বীকৃত আছে। রাজধানী উন্নয়ন কর্তৃপক্ষের (রাজউক) সাবেক চেয়ারম্যান (২০০৯-২০১৪) মো. নুরুল হুদার স্ত্রীর প্লট ফেরত দেওয়ার ঘটনায় তাঁদের যেভাবে দায়মুক্তি দেওয়া হয়েছে, তাতে আইনের সমতার নীতিকে আঘাত করা হয়েছে। এ বিষয়ে দুর্নীতি দমন কমিশন দুদকের তদন্ত উদ্যোগ কার্যত সফল হয়েছিল। অথচ দুদক এখন বেআইনিভাবে নেওয়া প্লট ফেরত পাওয়ার কারণ দেখিয়ে বিষয়টি ‘নথিভুক্তির মাধ্যমে নিষ্পত্তি’ করেছে। কিন্তু এটা আইনসিদ্ধ নয়। দুদকের প্রধান কৌঁসুলিও প্রথম আলোকে মঙ্গলবার বলেছেন, দুদক কথিত মতে এ বিষয়ে যে সিদ্ধান্ত দিয়েছে, তা প্রশ্নবিদ্ধ ও বাতিলযোগ্য।']","সে কারণেই আইনের সমতা নীতির ধারণার প্রচলন ঘটে, যা বাংলাদেশ সংবিধানের ২৭ অনুচ্ছেদে স্বীকৃত আছে
রাজধানী উন্নয়ন কর্তৃপক্ষের (রাজউক) সাবেক চেয়ারম্যান (২০০৯-২০১৪) মো. নুরুল হুদার স্ত্রীর প্লট ফেরত দেওয়ার ঘটনায় তাঁদের যেভাবে দায়মুক্তি দেওয়া হয়েছে, তাতে আইনের সমতার নীতিকে আঘাত করা হয়েছে
অথচ দুদক এখন বেআইনিভাবে নেওয়া প্লট ফেরত পাওয়ার কারণ দেখিয়ে বিষয়টি ‘নথিভুক্তির মাধ্যমে নিষ্পত্তি’ করেছে
আর অবৈধ কোনো সম্পদ সরকারি কোষাগারে জমা করে দিলেই তাতে কারও আইনসম্মত দায়মোচন ঘটে না
এমনকি ফৌজদারি কার্যবিধিতে এই অপরাধ আপসযোগ্য বলেও স্বীকৃত নয়
"
"['  সৌদি আরবের রিয়াদে প্রবাসী বাংলাদেশি গুণীজন ও কৃতী শিক্ষার্থীদের সংবর্ধনা দিয়েছে সৌদি আরবপ্রবাসী অনলাইন অ্যাকটিভিস্ট ফোরাম, রিয়াদ। মহান একুশ ও আন্তর্জাতিক মাতৃভাষা দিবস উপলক্ষে ফোরাম গুণীজন ও কৃতী শিক্ষার্থীদের সংবর্ধনা প্রদান করে।']","সৌদি আরবের রিয়াদে প্রবাসী বাংলাদেশি গুণীজন ও কৃতী শিক্ষার্থীদের সংবর্ধনা দিয়েছে সৌদি আরবপ্রবাসী অনলাইন অ্যাকটিভিস্ট ফোরাম, রিয়াদ
মহান একুশ ও আন্তর্জাতিক মাতৃভাষা দিবস উপলক্ষে ফোরাম গুণীজন ও কৃতী শিক্ষার্থীদের সংবর্ধনা প্রদান করে
বিশেষ অতিথি ছিলেন দূতাবাসের কর্মকর্তা রাসেল হোসাইন, সাহিত্যিক ফিরোজ খান, বাংলাদেশ ইন্টারন্যাশনাল স্কুল অ্যান্ড কলেজের বাংলা শাখার পরিচালনা পর্ষদের চেয়ারম্যান ডাক্তার জাকিউল হাসান, ইংরেজি শাখার পরিচালনা পর্ষদের ভাইস চেয়ারম্যান রফিকুল ইসলাম, সদস্য গোলাম মোস্তফা, সাবেক সদস্য ওয়াহিদুজ্জামান, শিক্ষক আবদুস সাত্তার, সমাজসেবক আফসারুল আলম, সাংবাদিক ও কলামিস্ট আবদুল আজিজ মীর প্রমুখ
"
['  অস্ট্রেলিয়ার নিউক্যাসলে বাংলাদেশ স্টুডেন্টস অ্যাসোসিয়েশনের বার্ষিক সাধারণ সভা ও সম্মেলন অনুষ্ঠিত হয়েছে। সম্মেলনে প্রকৌশলী মো. খায়রুল আলম সভাপতি ও তানভী নেওয়াজ সাধারণ সম্পাদক হিসেবে নির্বাচিত হয়েছেন।'],"অস্ট্রেলিয়ার নিউক্যাসলে বাংলাদেশ স্টুডেন্টস অ্যাসোসিয়েশনের বার্ষিক সাধারণ সভা ও সম্মেলন অনুষ্ঠিত হয়েছে
সম্মেলনে প্রকৌশলী মো. খায়রুল আলম সভাপতি ও তানভী নেওয়াজ সাধারণ সম্পাদক হিসেবে নির্বাচিত হয়েছেন
নতুন কমিটির কর্মকর্তারা হলেন; সভাপতি প্রকৌশলী মো. খায়রুল আলম, সহসভাপতি টুম্পা রানি পাল, সাধারণ সম্পাদক তানভী নেওয়াজ, সহসাধারণ সম্পাদক প্রকৌশলী ফাহিম বিন আজিজ, কোষাধ্যক্ষ তানভির আহমেদ, সাংস্কৃতিক সম্পাদক নিশাত নওরোজ আনিকা, ক্রীড়া সম্পাদক উজ্জ্বল সর্দার
"
"['  নারায়ণগঞ্জে সাত খুন মামলার প্রধান আসামি নূর হোসেনের বিরুদ্ধে তিনটি অস্ত্র মামলায় সাক্ষী না আসায় সাক্ষ্যগ্রহণ পিছিয়ে আগামী ১৩ এপ্রিল ধার্য করেছেন আদালত। আজ বুধবার সকালে নারায়ণগঞ্জের অতিরিক্ত জেলা ও দায়রা জজ দ্বিতীয় আদালতের বিচারক কামরুন নাহার এ আদেশ দেন। এদিকে, নূর হোসেনকে ডান্ডাবেড়ি না পরিয়ে আদালতে হাজির করায় ক্ষোভ প্রকাশ করেছেন সাত খুনের দুই মামলার বাদীপক্ষের আইনজীবী।']","নারায়ণগঞ্জে সাত খুন মামলার প্রধান আসামি নূর হোসেনের বিরুদ্ধে তিনটি অস্ত্র মামলায় সাক্ষী না আসায় সাক্ষ্যগ্রহণ পিছিয়ে আগামী ১৩ এপ্রিল ধার্য করেছেন আদালত
এদিকে, নূর হোসেনকে ডান্ডাবেড়ি না পরিয়ে আদালতে হাজির করায় ক্ষোভ প্রকাশ করে সাত খুনের দুটি মামলার বাদীপক্ষের আইনজীবী সাখাওয়াত হোসেন অভিযোগ করেন, \""নূর হোসেনের বিরুদ্ধে অর্ধডজনের মতো মামলা বিচারাধীন রয়েছে। এর মধ্যে একটি মামলায় তাঁর এক বছরের কারাদণ্ড হয়েছে। অথচ তাঁকে কোনো ডান্ডাবেড়ি পরানো হয়নি। অস্ত্র মামলায় আজ যেভাবে নূর হোসেনকে আদালতে আনা হয়েছে, তাতে মনে হয়েছে তিনি সাবেক একজন মন্ত্রী, তাঁকে জামাই আদরে ভিআইপির মতো আদালতে হাজির করা হয়েছে।\""
"
['  কুমিল্লা শহরের দক্ষিণ রসুলপুর এলাকায় দুই শিশু হত্যা মামলার প্রধান আসামি মো. আল সফিউল ইসলাম ওরফে ছোটনকে গ্রেপ্তার করা হয়েছে। আজ মঙ্গলবার সকালে কুমিল্লার অতিরিক্ত পুলিশ সুপার (উত্তর) মো. আলী আশরাফ ভূঞা প্রথম আলোকে এই তথ্য জানান।'],"কুমিল্লা শহরের দক্ষিণ রসুলপুর এলাকায় দুই শিশু হত্যা মামলার প্রধান আসামি মো. আল সফিউল ইসলাম ওরফে ছোটনকে গ্রেপ্তার করা হয়েছে
অতিরিক্ত পুলিশ সুপার আশরাফ প্রথম আলোকে বলেন, মোবাইল ফোন ট্র্যাক করে সফিউলের অবস্থান নির্ণয় করা হয়
দক্ষিণ রসুলপুর এলাকায় গত শনিবার ব্যবসায়ী আবুল কালামের দুই ছেলে মেহেদী হাসান জয় (৮) ও মেজবাউল হক মনি (৬) খুন হয়
"
"['  রাজধানীর শাহবাগে পূবালী ব্যাংক ও জাতীয় জাদুঘরের সংযোগে নবনির্মিত পদসেতুতে ওঠা মানেই পথচারীদের জন্য একটা দুর্ভোগ। পূবালী ব্যাংকের দিক থেকে জাদুঘরের প্রান্তে গিয়ে এই পদসেতু (ফুট ওভারব্রিজ) থেকে নামলে বের হওয়ার কোনো রাস্তা নেই। এ এক দুর্ভোগ! এতে পদসেতু পার হওয়া পথচারীকে ঘুরেফিরে সেই রাস্তা দিয়েই যেতে হচ্ছে। অথচ এই সেতু নির্মিত হয়েছে রাস্তা পারাপারে পথচারীদের দুর্ভোগ লাঘবে। জাদুঘরের পাশের ফুটপাত দিয়েও মানুষ চলাচল করতে পারছে না। এ দুর্ভোগের মূল কারণ হচ্ছে ফুটপাতের ওপর একটি ঘর। সরেজমিনে দেখা গেছে, শাহবাগে পূবালী ব্যাংক ও জাদুঘরের সংযোগস্থলে নির্মিত পদসেতু দিয়ে মানুষের যাতায়াত কম। যাঁরা অন্তত আগে একবার উঠেছেন, তাঁরা পারতপক্ষে এ পথ মাড়ান না। কারণ হচ্ছে, এই পদসেতু থেকে জাদুঘরের দিকে নামার রাস্তাটি বন্ধ। ফুটপাতের ওপর ওই অস্থায়ী ঘর থাকায় এই রাস্তা অনেক দিন ধরে বন্ধ। যাঁরা কাঁটাবন থেকে ফুটপাত দিয়ে জাদুঘর বা ঢাকা বিশ্ববিদ্যালয় এলাকার দিকে যেতে চান বা জাদুঘরের সামনের ফুটপাত দিয়ে কাঁটাবনের দিকে যেতে চান, তাঁরাও এখানে এসে আটকে যান। ঘরটি থাকায় দুদিক থেকে যাতায়াতের সমস্যায় পড়েন পথচারীরা। বাধ্য হয়ে তাঁদের অনেকটা পথ ঘুরে যেতে হয়। ']","রাজধানীর শাহবাগে পূবালী ব্যাংক ও জাতীয় জাদুঘরের সংযোগে নবনির্মিত পদসেতুতে ওঠা মানেই পথচারীদের জন্য একটা দুর্ভোগ
পূবালী ব্যাংকের দিক থেকে জাদুঘরের প্রান্তে গিয়ে এই পদসেতু (ফুট ওভারব্রিজ) থেকে নামলে বের হওয়ার কোনো রাস্তা নেই
সরেজমিনে দেখা গেছে, শাহবাগে পূবালী ব্যাংক ও জাদুঘরের সংযোগস্থলে নির্মিত পদসেতু দিয়ে মানুষের যাতায়াত কম
যাঁরা কাঁটাবন থেকে ফুটপাত দিয়ে জাদুঘর বা ঢাকা বিশ্ববিদ্যালয় এলাকার দিকে যেতে চান বা জাদুঘরের সামনের ফুটপাত দিয়ে কাঁটাবনের দিকে যেতে চান, তাঁরাও এখানে এসে আটকে যান
"
['  মেহেরপুরের গাংনী উপজেলার ব্রজপুর গ্রামে জামাই ও শ্বশুরকে এক মাস করে কারাদণ্ড দিয়েছেন আদালত। বাল্যবিয়ের ঘটনায় তাঁদের কারাদণ্ড দেওয়া হয়।'],"মেহেরপুরের গাংনী উপজেলার ব্রজপুর গ্রামে জামাই ও শ্বশুরকে এক মাস করে কারাদণ্ড দিয়েছেন আদালত
ভ্রাম্যমাণ আদালত সূত্র জানায়, এক মাস আগে গোপনে ব্রজপুর গ্রামের শরিফুলের সঙ্গে মহিবুল ইসলামের দশম শ্রেণি পড়ুয়া মেয়ের বিয়ে হয়
সহকারী কমিশনার (ভূমি) রাহাত মান্নান সাংবাদিকদের বলেন, জেলাকে বাল্যবিবাহ মুক্ত রাখার লক্ষ্যে অভিযান অব্যাহত থাকবে
"
"['  প্রধানমন্ত্রী শেখ হাসিনা বলেছেন, গণমাধ্যমের জন্য তাঁর চেয়ে বেশি সুযোগ আর কেউ সৃষ্টি করেননি, এত সুযোগ আর কখনো কেউ দেননি। কিন্তু দুটি পত্রিকা ২০ বছর ধরে তাঁর বিরুদ্ধে অনবরত লিখে গেছে। তিনিই গণমাধ্যমের সবচেয়ে বেশি শিকার (ভিকটিম) হয়েছেন। ']","প্রধানমন্ত্রী শেখ হাসিনা বলেছেন, গণমাধ্যমের জন্য তাঁর চেয়ে বেশি সুযোগ আর কেউ সৃষ্টি করেননি, এত সুযোগ আর কখনো কেউ দেননি
তিনি বলেন, \""তো দরকারটা কী আমার পড়ার। কারণ, আমি তো জানি তারা কী লিখবে। আমার বিরুদ্ধে লিখবে। তবে সত্য কখনো চাপা থাকে না।\""
‘ডেইলি স্টার’-এর সম্পাদক মাহফুজ আনামের নাম না উল্লেখ করে প্রধানমন্ত্রী বলেন, কিছুদিন আগে একজন সম্পাদক টক শো করতে করতে, আলোচনা করতে করতে একজনের প্রশ্নের উত্তরে সে বাধ্য হয়েছে বলতে যে, আমাকে দুর্নীতিবাজ বানাবার জন্য তার পত্রিকা দিন-রাত যত লেখা লিখেছে এই লেখা নাকি ডিজিএফআই তাকে সাপ্লাই (সরবরাহ) দিয়েছে
"
['  কিছুক্ষণ পরপরই হাউমাউ করে কেঁদে উঠছিলেন মধ্যবয়সী এক নারী। শাড়ির আঁচল দিয়ে মুছছেন চোখের পানি। আর তাঁকে সান্ত্বনা দিচ্ছেন আরেক তরুণী। যাঁর কোলে শিশু সন্তান। ইস্কাটনের জোড়া খুনের মামলার আসামি সাংসদপুত্র বখতিয়ার আলম রনিকে আজ রোববার সকালে আদালতে দেখার পর ওই নারীর আহাজারি আরও বেড়ে যায়।'],"ইস্কাটনের জোড়া খুনের মামলার আসামি সাংসদপুত্র বখতিয়ার আলম রনিকে আজ রোববার সকালে আদালতে দেখার পর ওই নারীর আহাজারি আরও বেড়ে যায়
সালমার অভিযোগ, সংসদ সদস্য পিনু খানের ছেলে রনির ছোড়া গুলিতে মারা গেছে তাঁর স্বামী
গত বছরের ১৩ এপ্রিল অটোরিকশাচালক ইয়াকুব জনকণ্ঠ পত্রিকার এক সাংবাদিককে তাঁর বাসায় পৌঁছে দেওয়ার জন্য গভীর রাতে নিউ ইস্কাটনে পৌঁছান
সেখানে যানজটে আটকে থাকা অবস্থায় অন্য একটি গাড়ি থেকে এলোপাতাড়ি ছোড়া গুলিতে রিকশাচালক আবদুল হাকিম ও অটোরিকশাচালক ইয়াকুব গুলিবিদ্ধ হন
সালমা কান্নাজড়িত কণ্ঠে প্রথম আলোকে বলেন, \""সাংসদের ছেলে রনি তাঁর সাজানো সংসার লন্ডভন্ড করে দিয়েছে। ছেলে নেই। মেয়েকে বিয়ে দিয়েছি। মেয়ের টানাটানির সংসার। সেখানে থাকার উপায় নেই। তাই বোনের সংসারে থাকি। এক বেলা খাই তো দুই বেলা না খেয়ে থাকি।\""
"
"['  ১৯ ওভার শেষে বাংলাদেশের দরকার ৩ রান। টিভি সেট, রেডিও কিংবা মাঠে বসে যারা মাহমুদুল্লাহ আর মাশরাফির কথোপকথন যারা দেখছিলেন সবাই নিশ্চিত ছিলেন যে, এবার হবে। ৬ মার্চ ভারতের সঙ্গে ফাইনাল খেলবে সাকিব-তামিমরা। ২০ ওভারের প্রথম বলটি আনোয়ার আলী করতেই সেটি মাঠের বাইরে পাঠালেন মাহমুদুল্লাহ। বাংলাদেশ চলে গেল দ্বিতীয়বারের মতো এশিয়া কাপের ফাইনালে। ']","টিভি সেট, রেডিও কিংবা মাঠে বসে যারা মাহমুদুল্লাহ আর মাশরাফির কথোপকথন যারা দেখছিলেন সবাই নিশ্চিত ছিলেন যে, এবার হবে
২০ ওভারের প্রথম বলটি আনোয়ার আলী করতেই সেটি মাঠের বাইরে পাঠালেন মাহমুদুল্লাহ
বাংলাদেশ ও ৬ মার্চে এশিয়া কাপ ফাইনালের মধ্যেকার দূরত্বটা ছিল ১৩০ রানের
সৌম্য সরকারের ৪৮ রানে ভর করে সেই ফাইনালে পৌঁছে যায় বাংলাদেশ
এ জয়ের পর পাকিস্তানের এক্সপ্রেস ট্রিবিউন-এর খবরে বলা হয়েছে, পাকিস্তানকে হারিয়ে ভারতের সঙ্গে এশিয়া কাপের ফাইনালে বাংলাদেশ
জিও-এর খবরে বলা হয়েছে, পাকিস্তানের স্বপ্ন ভেঙে চুরমার করে দিয়ে টাইগাররা ৫ উইকেটে জয়ী
"
['  পছন্দসই জায়গা নিশ্চিত করতে না পারায় জাতীয় সম্মেলন নিয়ে কিছুটা অনিশ্চয়তায় পড়েছে বিএনপি। এর মধ্যে সম্মেলনের মূল আকর্ষণ মহাসচিব পদ ঘিরে দলের প্রভাবশালী নেতাদের মধ্যে নানামুখী তৎপরতা চলছে।'],"বিএনপির দায়িত্বশীল একাধিক সূত্র জানিয়েছে, আগামী ১৯ মার্চ দলের কেন্দ্রীয় সম্মেলনের সম্ভাব্য তারিখ ঘোষণা করা হলেও গতকাল সোমবার পর্যন্ত জায়গা ঠিক করতে পারেনি দলটি
বিএনপির পক্ষ থেকে রাজধানীর সোহরাওয়ার্দী উদ্যান, বঙ্গবন্ধু আন্তর্জাতিক সম্মেলন কেন্দ্র ও ইঞ্জিনিয়ার্স ইনস্টিটিউশন—তিন জায়গার যেকোনো একটিতে সম্মেলন করতে অনুমতি চেয়ে সংশ্লিষ্ট কর্তৃপক্ষের কাছে আবেদন করা হয়েছিল
এ অবস্থায় ১১ ফেব্রুয়ারি রাতে দলের স্থায়ী কমিটির বৈঠকে রাজধানীর বসুন্ধরা কনভেনশন সেন্টারে সম্মেলন করার নীতিগত সিদ্ধান্ত হয়
পরদিন এ খবর গণমাধ্যমে প্রকাশিত হলে বসুন্ধরা কর্তৃপক্ষ জানায়, তারা কোনো রাজনৈতিক দলের সম্মেলনের জন্য মিলনায়তন ভাড়া দেয় না
"
"['  দেশের রপ্তানি প্রক্রিয়াকরণ এলাকার (ইপিজেড) কারখানায় ‘শ্রমিককল্যাণ সমিতি’ গঠন করতে পারবেন শ্রমিকেরা। সরকার বলছে, ট্রেড ইউনিয়নের আদলে এই সংগঠন করা যাবে। তবে শ্রমিক অধিকার নিয়ে কাজ করেন এমন ব্যক্তিরা বলছেন, কল্যাণ সমিতির আদলে ট্রেড ইউনিয়ন হতে পারে না।']","দেশের রপ্তানি প্রক্রিয়াকরণ এলাকার (ইপিজেড) কারখানায় ‘শ্রমিককল্যাণ সমিতি’ গঠন করতে পারবেন শ্রমিকেরা
শ্রমিককল্যাণ সমিতির বিধান রেখে বাংলাদেশ ইপিজেড শ্রম আইন, ২০১৬-এর খসড়া গতকাল সোমবার সচিবালয়ে মন্ত্রিসভার বৈঠকে চূড়ান্ত অনুমোদন দেওয়া হয়
যুক্তরাষ্ট্রে বাংলাদেশের তৈরি পোশাক রপ্তানির ক্ষেত্রে বাতিল হওয়া জিএসপি-সুবিধা ফিরে পেতে ইপিজেড শ্রমিকদের সংগঠন করার অধিকার দেওয়ার বিষয়ে দীর্ঘদিন ধরেই সরকারের ওপর চাপ আছে
তবে কেবল দাতাদের চাপেই নয়, সরকারেরও এতে আন্তরিকতা ছিল বলে আইনটি করা হচ্ছে
"
"['  বাংলাদেশ গৌরব করতে পারে অধ্যাপক সেলিম শাহরিয়ারকে নিয়ে। দুনিয়া কাঁপানো মহাকর্ষ তরঙ্গ শনাক্ত করার ঘটনায় তিনি নেতৃত্ব দিয়েছেন যুক্তরাষ্ট্রের বিখ্যাত নর্থওয়েস্টার্ন বিশ্ববিদ্যালয়ের বিজ্ঞানীদের একটি দলকে। ১১ ফেব্রুয়ারি ওয়াশিংটনে সংবাদ সম্মেলন করে যুক্তরাষ্ট্রের বিজ্ঞানীরা ঘোষণা দিয়েছেন, ১৩০ কোটি আলোকবর্ষ দূরে দুটি কৃষ্ণগহ্বরের মিলনের ফলে যে তরঙ্গ উঠেছিল, তার সংকেত এসে ধরা পড়েছে তাঁদের যন্ত্রে। এই যন্ত্র তৈরিতে অবদান রেখেছেন বাংলাদেশের পাবনা জেলার বেড়ার সন্তান অধ্যাপক সেলিম শাহরিয়ার। নর্থওয়েস্টার্ন বিশ্ববিদ্যালয়ের ম্যাককরমিক স্কুল অব ইঞ্জিনিয়ারিংয়ের বুলেটিনে তাঁকে নিয়েই শিরোনাম করা হয়েছে, ‘সেলিম শাহরিয়ার অবদান রেখেছেন মহাকর্ষ তরঙ্গ আবিষ্কারে’।']","দুনিয়া কাঁপানো মহাকর্ষ তরঙ্গ শনাক্ত করার ঘটনায় তিনি নেতৃত্ব দিয়েছেন যুক্তরাষ্ট্রের বিখ্যাত নর্থওয়েস্টার্ন বিশ্ববিদ্যালয়ের বিজ্ঞানীদের একটি দলকে
১১ ফেব্রুয়ারি ওয়াশিংটনে সংবাদ সম্মেলন করে যুক্তরাষ্ট্রের বিজ্ঞানীরা ঘোষণা দিয়েছেন, ১৩০ কোটি আলোকবর্ষ দূরে দুটি কৃষ্ণগহ্বরের মিলনের ফলে যে তরঙ্গ উঠেছিল, তার সংকেত এসে ধরা পড়েছে তাঁদের যন্ত্রে
এই যন্ত্র তৈরিতে অবদান রেখেছেন বাংলাদেশের পাবনা জেলার বেড়ার সন্তান অধ্যাপক সেলিম শাহরিয়ার
আব্বা বলতেন, \""যা অন্যে পারবে, তুমিও পারবে। চেষ্টা করো। চেষ্টার অসাধ্য কিছু নেই\""
"
['  ইংরেজি দৈনিক দ্য ডেইলি স্টার সম্পাদক মাহ্ফুজ আনামের বিরুদ্ধে গতকাল সোমবার ১৭ জেলায় বিচারিক হাকিম আদালতে আরও ১৭টি মামলা হয়েছে। এর মধ্যে কুষ্টিয়ায় এক মামলায়ই ৫০ হাজার কোটি টাকার মানহানির অভিযোগ করা হয়।'],"ইংরেজি দৈনিক দ্য ডেইলি স্টার সম্পাদক মাহ্ফুজ আনামের বিরুদ্ধে গতকাল সোমবার ১৭ জেলায় বিচারিক হাকিম আদালতে আরও ১৭টি মামলা হয়েছে
গতকাল মানহানির চারটি মামলায় মাহ্ফুজ আনামকে সশরীরে আদালতে হাজির হতে সমন জারির আদেশ দেওয়া হয়েছে
এ নিয়ে গত এক সপ্তাহে ডেইলি স্টার সম্পাদকের বিরুদ্ধে ঢাকাসহ বিভিন্ন জেলায় ৩৫টি মামলা করেছেন ক্ষমতাসীন দল আওয়ামী লীগ, এর অঙ্গ-সহযোগী ও সমমনা সংগঠনের নেতা এবং দুই সরকারি কৌঁসুলি
তা হলো, এক-এগারোর সময় একটি গোয়েন্দা সংস্থার নির্দেশনা বাস্তবায়নে গণতন্ত্রবিরোধী শক্তিকে ক্ষমতায় অধিষ্ঠিত করতে এবং আওয়ামী লীগ সভানেত্রী শেখ হাসিনাকে রাজনীতি থেকে সরিয়ে দিতে মাহ্ফুজ আনাম তাঁর পত্রিকায় মিথ্যা, বিকৃত ও মানহানিকর তথ্য প্রকাশ করেছেন
"
['  বৃহত্তর ময়মনসিংহ জেলার পুরো অঞ্চলে ব্যাপক জমিদার-মহাজনের শাসন-শোষণের প্রতিক্রিয়ায় এবং ধর্মীয় প্রচারের কারণে মুসলিম সমাজে রক্ষণশীলতার প্রাধান্য লক্ষ করা গেছে। তাই এ অঞ্চলে ভাষা আন্দোলন সূচনালগ্নে বিস্তর বাধা-বিপত্তির সম্মুখীন হয়েছে; তবে হার মানেনি ছাত্র-যুব-জনতার মাতৃভাষা প্রেম।'],"বৃহত্তর ময়মনসিংহ জেলার পুরো অঞ্চলে ব্যাপক জমিদার-মহাজনের শাসন-শোষণের প্রতিক্রিয়ায় এবং ধর্মীয় প্রচারের কারণে মুসলিম সমাজে রক্ষণশীলতার প্রাধান্য লক্ষ করা গেছে
তৎকালীন কিশোরগঞ্জ মহকুমার অন্তর্গত দূর বাজিতপুর থানা এলাকায় মূলত স্কুলছাত্রদের উদ্যোগে সংগ্রামী চরিত্র অর্জন করে একুশের ভাষা আন্দোলন
ব্যাপক আবেগ-উত্তেজনার মধ্যে পরদিন (২২ ফেব্রুয়ারি) সকালেই বাজিতপুর ইংরেজি উচ্চবিদ্যালয়ের দশম শ্রেণির ছাত্র আনিসুর রহমানকে আহ্বায়ক করে গঠিত হয় রাষ্ট্রভাষা সংগ্রাম পরিষদ
"
"['  মেহেরপুরের গাংনী উপজেলায় এক মায়ের চার মেয়ে। গত ২৪ জানুয়ারি স্কুলপড়ুয়া তৃতীয় মেয়ের বিয়ে দেওয়ার অনুমতি চেয়ে জেলা প্রশাসক বরাবর আবেদন করেন ওই মা। তাতে বলা হয়, স্কুল সনদ অনুযায়ী মেয়ের জন্মসাল ২০০৪। কিন্তু প্রকৃতপক্ষে মেয়ের বয়স ১৯ বছর।']","গত ২৪ জানুয়ারি স্কুলপড়ুয়া তৃতীয় মেয়ের বিয়ে দেওয়ার অনুমতি চেয়ে জেলা প্রশাসক বরাবর আবেদন করেন ওই মা
তিনি বিষয়টি তদন্ত করে জানতে পারেন, দারিদ্রের কারণে দ্রুত মেয়ের বিয়ে দিতে চান তিনি
তবে ওই মেয়েকে স্বাবলম্বী হতে সহযোগিতা করেছে প্রশাসন
স্থানীয় প্রশাসনের পক্ষ থেকে বাল্যবিবাহ প্রতিরোধে এমন আরও নানা উদ্যোগ নেওয়া হয়েছে
জেলার কোথাও বাল্যবিবাহের সংবাদ পাওয়া গেলে তাৎক্ষণিকভাবে সেখানে যাচ্ছেন প্রশাসনের কর্মকর্তারা
গত ছয় মাসে প্রশাসনের হস্তক্ষেপে জেলায় ২০০টির বেশি বাল্যবিবাহ বন্ধ হয়েছে
প্রশাসন সূত্র জানায়, বাল্যবিবাহ কমাতে জেলা প্রশাসক মো. শফিকুল ইসলামের নেতৃত্বে কর্মপরিকল্পনা তৈরি করা হয়েছে
"
['  বেসরকারি তিন ব্যাংকের কার্ড জালিয়াতি ঘটনার তদন্তে নেমেছে গোয়েন্দা পুলিশ। এ ঘটনায় দায়ের হওয়া মামলার তদন্তভার পুলিশের গোয়েন্দা বিভাগে (ডিবি) স্থানান্তরের প্রক্রিয়া শুরু হয়েছে। ইউনাইটেড কমার্শিয়াল ব্যাংক (ইউসিবি) গত শুক্রবার বনানী থানায় মামলা করে। এই মামলায় গতকাল সোমবার পর্যন্ত কেউ গ্রেপ্তার হয়নি।'],"বেসরকারি তিন ব্যাংকের কার্ড জালিয়াতি ঘটনার তদন্তে নেমেছে গোয়েন্দা পুলিশ
মহানগর পুলিশের অতিরিক্ত কমিশনার মনিরুল ইসলাম গতকাল এক সংবাদ সম্মেলনে বলেন, এরই মধ্যে ডিবি পুলিশ ছায়া তদন্ত শুরু করেছে
ইউসিবির দায়ের করা মামলার এজাহারের সঙ্গে জালিয়াতির ঘটনার তথ্যপ্রমাণ হিসেবে ভিডিওচিত্রও দাখিল করা হয়
যেখানে ব্যাংকটির বনানীর একটি এটিএম বুথে ‘স্কিমিং ডিভাইস’ বসিয়ে গ্রাহকের কার্ডের ব্যক্তিগত গোপন তথ্য চুরির প্রমাণ রয়েছে
"
['  তথ্য ও যোগাযোগ প্রযুক্তি আইনের একটি মামলায় আপিল বিভাগ আমার দেশ পত্রিকার ভারপ্রাপ্ত সম্পাদক মাহমুদুর রহমানের জামিন বহাল রাখলেও নতুন আরেকটি মামলায় তাঁকে গ্রেপ্তার দেখানো হয়েছে। এই মামলায় পুলিশ তাঁকে সাত দিনের রিমান্ডে চেয়েছে। প্রায় তিন বছর তিনি কারাগারে আটক আছেন।'],"এই মামলায় পুলিশ তাঁকে সাত দিনের রিমান্ডে চেয়েছে
এ বিষয়ে শাহবাগ থানার ভারপ্রাপ্ত কর্মকর্তা বলেন, ২০১৩ সালের একটি বিস্ফোরক দ্রব্য আইনের মামলায় রোববার মাহমুদুর রহমানকে গ্রেপ্তার দেখিয়ে রিমান্ড চাওয়া হয়েছে
এখন পর্যন্ত তাঁর বিরুদ্ধে মোট ৭১টি মামলা বিচারাধীন আছে বলে জানিয়েছেন মাহমুদুর রহমানের আইনজীবী জয়নুল আবেদিন মেজবাহ
দলের যুগ্ম মহাসচিব রুহুল কবির রিজভী সংবাদ সম্মেলনে অভিযোগ করেন, সব মামলায় উচ্চ আদালত থেকে জামিন পাওয়ার পরও মাহমুদুর রহমানকে নতুন করে আটকে রাখার জন্য সরকার একের পর এক বেড়াজাল নির্মাণ করে চলছে
"
"['  সন্ত্রাসবাদের ঝুঁকি, সংগঠিত অপরাধ ও অবৈধ অভিবাসন রোধে বাংলাদেশের সঙ্গে সহযোগিতা বাড়াতে চায় যুক্তরাজ্য। আর সমন্বিত উপায়ে এসব অপরাধ দূর করতে যুক্তরাজ্যের সঙ্গে একটি স্থায়ী কাঠামো গঠনের প্রস্তাব দিয়েছে বাংলাদেশ।']","যুক্তরাজ্যের হাইকমিশন গতকাল বিজ্ঞপ্তিতে বলেছে, অবৈধ অভিবাসন ও সংগঠিত অপরাধের ঝুঁকি মোকাবিলা, সন্ত্রাসবাদের ঝুঁকি রোধ এবং বিমানবন্দরের নিরাপত্তা জোরদারের মতো অভিন্ন বিষয়গুলোতে বাংলাদেশের সঙ্গে যুক্তরাজ্যের নিবিড়ভাবে কাজ করার অঙ্গীকারের প্রতিফলন ঘটেছে জেমস ব্রোকেনশায়ারের সফরে
সফর শেষে জেমস ব্রোকেনশায়ার বলেন, \""বাংলাদেশ ইতিমধ্যে যুক্তরাজ্যের এক গুরুত্বপূর্ণ অংশীদার। এখন আমরা অবৈধ অভিবাসন ও মানব পাচারের সঙ্গে যুক্ত সংঘবদ্ধ গোষ্ঠীগুলোকে বিচারের কাঠগড়ায় দাঁড় করানোর মাধ্যমে দুই দেশকে নিরাপদ রাখার স্বার্থে একসঙ্গে কাজ করছি। শাহজালাল আন্তর্জাতিক বিমানবন্দরে যুক্তরাজ্যের দেওয়া জাল পাসপোর্ট-ভিসা শনাক্তকরণ যন্ত্রপাতির কার্যকর ব্যবহারে আমি সন্তুষ্ট।\""
"
['  লিথুনিয়ার প্রধানমন্ত্রী আলগিরডাস বাটকেভিয়াসের ঢাকা সফর স্থগিত হয়েছে। দেশটির অভ্যন্তরীণ রাজনৈতিক পরিস্থিতির কারণে আজ মঙ্গলবার থেকে অনুষ্ঠেয় তিন দিনের সফরটি তিনি স্থগিত করে বাংলাদেশকে জানান।'],"দেশটির অভ্যন্তরীণ রাজনৈতিক পরিস্থিতির কারণে আজ মঙ্গলবার থেকে অনুষ্ঠেয় তিন দিনের সফরটি তিনি স্থগিত করে বাংলাদেশকে জানান
গতকাল সোমবার পররাষ্ট্র মন্ত্রণালয়ের কর্মকর্তাদের সঙ্গে কথা বলে জানা গেছে, লিথুনিয়ার প্রধানমন্ত্রী আলগিরডাস বাটকেভিয়াস ১০ ফেব্রুয়ারি প্রধানমন্ত্রী শেখ হাসিনাকে চিঠি দিয়ে এর জন্য দুঃখ প্রকাশ করেন
তিনি ভবিষ্যতে সুবিধাজনক সময়ে বাংলাদেশ সফরে আসার কথা জানান
"
"['  ওয়াকার ইউনিসের সংবাদ সম্মেলনে এসে চুপ করে একটা চেয়ারে বসে পড়লেন ডিন জোন্স। ধারাভাষ্য দেওয়ার পাশাপাশি কলাম-টলামও লেখেন। ভেবেছিলাম, সেটির রসদ জোগাড় করতেই সাংবাদিকের ভূমিকায়। ভুল ভাঙল কথা বলতে গিয়ে। ডিন জোন্স সংবাদ সম্মেলনে এসেছেন মাশরাফি বিন মুর্তজার কথা শুনবেন বলে। তাঁর ম্যান অব দ্য ম্যাচ যে বাংলাদেশ-অধিনায়কই!']","ওয়াকার ইউনিসের সংবাদ সম্মেলনে এসে চুপ করে একটা চেয়ারে বসে পড়লেন ডিন জোন্স
ধারাভাষ্য দেওয়ার পাশাপাশি কলাম-টলামও লেখেন
ডিন জোন্স সংবাদ সম্মেলনে এসেছেন মাশরাফি বিন মুর্তজার কথা শুনবেন বলে
তাঁর ম্যান অব দ্য ম্যাচ যে বাংলাদেশ-অধিনায়কই!
তাহলে কি শেষে নেমে ৭ বলে ১২ রানের ইনিংসের জন্য? মোহাম্মদ আমিরের বলে সাকিবের স্টাম্পে লাল বাতি জ্বলে যাওয়াটা শুধু বোল্ডই নয়, বিপৎসংকেতও বোঝাচ্ছিল
তা বিপদতাড়ানিয়া হয়ে মাশরাফি আছেন না! নেমেই আমিরের বলে পরপর দুটি চার
"
['  নাশকতার দুটি মামলায় বিএনপির স্থায়ী কমিটির সদস্য মির্জা আব্বাসকে জামিন দিয়েছেন হাইকোর্ট। গতকাল সোমবার বিচারপতি এম ইনায়েতুর রহিম ও বিচারপতি আমির হোসেনের সমন্বয়ে গঠিত বেঞ্চ এ আদেশ দেন।'],"নাশকতার দুটি মামলায় বিএনপির স্থায়ী কমিটির সদস্য মির্জা আব্বাসকে জামিন দিয়েছেন হাইকোর্ট
গতকাল সোমবার বিচারপতি এম ইনায়েতুর রহিম ও বিচারপতি আমির হোসেনের সমন্বয়ে গঠিত বেঞ্চ এ আদেশ দেন
"
['  ঢাকায় যুক্তরাজ্যের ভিসাকেন্দ্র পুনরায় চালু করার ব্যাপারে সহায়তা করার আশ্বাস দিয়েছেন সফররত তিন ব্রিটিশ পার্লামেন্ট সদস্য। দেশটির বিরোধী দল লেবার পার্টির ওই এমপিরা গতকাল সোমবার প্রধানমন্ত্রী শেখ হাসিনার সঙ্গে সাক্ষাৎকালে এ আশ্বাস দেন। খবর ইউএনবির।'],"ঢাকায় যুক্তরাজ্যের ভিসাকেন্দ্র পুনরায় চালু করার ব্যাপারে সহায়তা করার আশ্বাস দিয়েছেন সফররত তিন ব্রিটিশ পার্লামেন্ট সদস্য
‘লেবার ফ্রেন্ডস অব বাংলাদেশ’ নামে লেবার পার্টির আট সদস্যের একটি দলের সদস্য হয়ে বাংলাদেশে এসেছেন ওই তিন এমপি
দলটি তাদের ‘মিলিত হও, শোনো এবং (বাংলাদেশের কাছ থেকে) শেখো’ বিষয়ক একটি কর্মসূচির অংশ হিসেবে এ সফরে এসেছে
বিশেষ করে বাংলাদেশের বিশেষ অর্থনৈতিক অঞ্চলগুলোতে (এসইজেড) খাবার প্রক্রিয়াকরণ শিল্প প্রতিষ্ঠার ওপরে গুরুত্বারোপ করেন তিনি
"
['  গ্যাটকো দুর্নীতি মামলা চ্যালেঞ্জ করে বিএনপির চেয়ারপারসন খালেদা জিয়ার করা রিট আবেদন খারিজের পূর্ণাঙ্গ রায় প্রকাশ করেছেন হাইকোর্ট। বিচারিক আদালত এই রায়ের কপি পাওয়ার দুই মাসের মধ্যে খালেদা জিয়াকে আত্মসমর্পণ করতে হবে।'],"তিনি বলেন, গ্যাটকো দুর্নীতি মামলায় খালেদা জিয়ার রিট খারিজের পূর্ণাঙ্গ রায় বিচারিক আদালত পাওয়ার দুই মাসের মধ্যে তাঁকে (খালেদা জিয়া) বিচারিক আদালতে আত্মসমর্পণ করতে হবে
একইভাবে নাইকো দুর্নীতি মামলার বৈধতা চ্যালেঞ্জ করে খালেদা জিয়ার রিট আবেদন হাইকোর্ট খারিজ করলে গত বছরের ৩০ নভেম্বর বিচারিক আদালতে আত্মসমর্পণ করে জামিন নেন খালেদা জিয়া
"
['  ইউনিয়ন পরিষদ (ইউপি) নির্বাচনে আওয়ামী লীগের মনোনয়ন পাওয়া চেয়ারম্যান প্রার্থীদের প্রত্যয়নপত্রে সই করবেন দলীয়প্রধান শেখ হাসিনা। গতকাল সোমবার আওয়ামী লীগের পক্ষ থেকে নির্বাচন কমিশনকে চিঠি দিয়ে বিষয়টি অবহিত করা হয়।'],"ইউনিয়ন পরিষদ (ইউপি) নির্বাচনে আওয়ামী লীগের মনোনয়ন পাওয়া চেয়ারম্যান প্রার্থীদের প্রত্যয়নপত্রে সই করবেন দলীয়প্রধান শেখ হাসিনা
আওয়ামী লীগের তথ্য ও গবেষণা সম্পাদক আফজাল হোসেন, কেন্দ্রীয় সদস্য সুজিত রায় নন্দী ও এস এম কামাল গতকাল নির্বাচন কমিশনে কমিশনার মো. শাহ নেওয়াজের কাছে এ-সংক্রান্ত চিঠি হস্তান্তর করেন
"
['  সাবেক অ্যাটর্নি জেনারেল মাহমুদুল ইসলাম আর নেই। গতকাল সোমবার রাত ১২টার দিকে রাজধানীর ইউনাইটেড হাসপাতালে চিকিৎসাধীন অবস্থায় তিনি মারা যান (ইন্না লিল্লাহি ওয়া ইন্না ইলাইহি রাজিউন)। মাহমুদুল ইসলামের বয়স হয়েছিল ৮০ বছর। তিনি স্ত্রী ও দুই ছেলে রেখে গেছেন। দীর্ঘদিন ধরে তিনি ফুসফুস ও কিডনির সমস্যাসহ নানা রোগে ভুগছিলেন।'],"গতকাল সোমবার রাত ১২টার দিকে রাজধানীর ইউনাইটেড হাসপাতালে চিকিৎসাধীন অবস্থায় তিনি মারা যান (ইন্না লিল্লাহি ওয়া ইন্না ইলাইহি রাজিউন)
সংবিধান বিশেষজ্ঞ মাহমুদুল ইসলাম ১৯৯৮ থেকে ২০০১ সাল পর্যন্ত অ্যাটর্নি জেনারেলের দায়িত্ব পালন করেন
কারমাইকেল কলেজ থেকে উচ্চমাধ্যমিক পাস করার পর ঢাকা বিশ্ববিদ্যালয় থেকে আইনে ডিগ্রি নেন তিনি
রংপুর জেলা বারে আইন পেশা শুরু করার পর তিনি হাইকোর্টে আইনজীবী হিসেবে তালিকাভুক্ত হন
"
['  রাজধানীর উত্তরা থেকে অপহৃত শিশু মোবারক হোসেনকে দেড় মাস পর গাজীপুর থেকে উদ্ধার করেছে ঢাকা মহানগর পুলিশের (ডিএমপি) গোয়েন্দা বিভাগ (ডিবি)। অপহরণের ঘটনায় জড়িত থাকার অভিযোগে গত রোববার গাইবান্ধা ও গাজীপুর এলাকা থেকে দুজনকে গ্রেপ্তার করা হয়। তাঁরা হলেন আবদুল জব্বার ওরফে ঠান্ডু ও তাঁর স্ত্রী নাজমা আক্তার।'],"রাজধানীর উত্তরা থেকে অপহৃত শিশু মোবারক হোসেনকে দেড় মাস পর গাজীপুর থেকে উদ্ধার করেছে ঢাকা মহানগর পুলিশের (ডিএমপি) গোয়েন্দা বিভাগ (ডিবি)
অপহৃত শিশু উদ্ধার ও এর সঙ্গে জড়িত ব্যক্তিদের গ্রেপ্তারের খবর জানাতে গতকাল সোমবার দুপুরে রাজধানীর মিন্টো রোডের ডিএমপির মিডিয়া সেন্টারে এক সংবাদ সম্মেলনের আয়োজন করা হয়
এতে ডিএমপির অতিরিক্ত কমিশনার মো. মনিরুল ইসলাম বলেন, গত ২৯ ডিসেম্বর শিশু মোবারক (৬) উত্তরা ৯ নম্বর সেক্টরের ৬ নম্বর সড়কে তাদের ভাড়া বাসার সামনে খেলা করার সময় কৌশলে তাকে অপহরণ করা হয়
"
['  অপহরণের পর মুক্তিপণ না পেয়ে গাজীপুরে চার বছরের এক শিশুকে হত্যা করা হয়েছে। গতকাল সোমবার বিকেলে গাজীপুরের কাশিমপুর সুরাবাড়ি এলাকার একটি জঙ্গল থেকে পুলিশ ওই শিশুর লাশ উদ্ধার করেছে।'],"অপহরণের পর মুক্তিপণ না পেয়ে গাজীপুরে চার বছরের এক শিশুকে হত্যা করা হয়েছে
এলাকাবাসী, নিহতের পরিবার ও পুলিশ সূত্রে জানা গেছে, মোকারম হোসেন স্ত্রী ও একমাত্র ছেলে সোলাইমানকে নিয়ে আট বছর আগে জীবিকার সন্ধানে গাজীপুরে আসেন
গত শনিবার বিকেল পাঁচটার দিকে তাঁর ছেলে সোলাইমান দোকানের উদ্দেশে বাসা থেকে বের হয়ে যায়
একপর্যায় ওই দিন রাতেই মোকারমের মুঠোফোনে অজ্ঞাত পরিচয়ের ব্যক্তি জানায়, সোলাইমানকে অপহরণ করা হয়েছে
"
"['  সুন্দরবনের ক্ষতি হয়, এমন কোনো প্রকল্প সেখানে করা যাবে না। তেল-গ্যাস-খনিজ সম্পদ ও বিদ্যুৎ-বন্দর রক্ষা জাতীয় কমিটির সদস্যসচিব আনু মুহাম্মদ গতকাল সোমবার নারায়ণগঞ্জের চাষাঢ়া কেন্দ্রীয় শহীদ মিনারে কমিটির জেলা শাখা আয়োজিত সমাবেশে এ কথা বলেন।']","তেল-গ্যাস-খনিজ সম্পদ ও বিদ্যুৎ-বন্দর রক্ষা জাতীয় কমিটির সদস্যসচিব আনু মুহাম্মদ গতকাল সোমবার নারায়ণগঞ্জের চাষাঢ়া কেন্দ্রীয় শহীদ মিনারে কমিটির জেলা শাখা আয়োজিত সমাবেশে এ কথা বলেন
তিনি বলেন, \""প্রধানমন্ত্রী আমাদের সমালোচনা করে দুটি কথা বলেছেন। তার একটি হলো রামপাল প্রকল্পে ভারতের কোম্পানি আছে বলে আমরা এর বিরোধিতা করছি। কিন্তু এর চেয়ে বিভ্রান্তিকর আর কিছু হতে পারে না।\""
"
['  নারায়ণগঞ্জের আড়াইহাজার উপজেলায় আবারও ডাকাত সন্দেহে গণপিটুনির ঘটনা ঘটেছে। এবার নিহত হয়েছেন একজন। গত সোমবার দিবাগত রাত দেড়টার দিকে আড়াইহাজার-নরসিংদী সড়কের বাঘা নগর সেতুর পাশে এ ঘটনা ঘটে। গতকাল বিকেল পর্যন্ত নিহত ব্যক্তির পরিচয় জানা যায়নি।'],"নারায়ণগঞ্জের আড়াইহাজার উপজেলায় আবারও ডাকাত সন্দেহে গণপিটুনির ঘটনা ঘটেছে
রাত দেড়টার দিকে তারা একটি মোটরসাইকেলের আরোহীকে অস্ত্রের মুখে জিম্মি করে অর্থ ও মূল্যবান জিনিসপত্র ছিনিয়ে নেওয়ার চেষ্টা করে
এ সময় তাঁর চিৎকার শুনে আশপাশের লোকজন ডাকাতদের ধাওয়া করে
একপর্যায়ে এলাকাবাসী একজনকে ধরে ফেলে গণপিটুনি দেয়
পরে পুলিশ ঘটনাস্থলে গিয়ে গুরুতর আহত অবস্থায় ওই ব্যক্তিকে উদ্ধার করে আড়াইহাজার স্বাস্থ্য কমপ্লেক্সে নিয়ে গেলে চিকিৎসক তাঁকে মৃত ঘোষণা করেন
"
"['  কেরানীগঞ্জে একটি বিদেশি পিস্তলসহ কবির হোসেন (২৮) নামের এক যুবককে গ্রেপ্তার করেছে ঢাকা জেলা (দক্ষিণ) গোয়েন্দা পুলিশ (ডিবি)। ইকুরিয়া বিআরটিএ কার্যালয়ের সামনে থেকে গত রোববার রাতে তাঁকে গ্রেপ্তার করা হয়। ডিবির এসআই মিজানুর রহমান বলেন, কবির হোসেনকে আটকের পর তাঁর দেহ তল্লাশি করে পয়েন্ট টুটু বোরের একটি বিদেশি পিস্তল ও একটি মুখোশ উদ্ধার করা হয়। এ ঘটনায় দক্ষিণ কেরানীগঞ্জ থানায় অস্ত্র আইনে একটি মামলা করা হয়েছে। ডিবির ওসি মো. শাহজামান বলেন, কবির দক্ষিণ কেরানীগঞ্জ থানায় একটি হত্যা মামলার এজাহারভুক্ত আসামি। তিনি দেড় বছর জেল খেটে জামিনে মুক্তি পেয়েছেন। আবার তিনি সন্ত্রাসী কর্মকাণ্ড করার চেষ্টা করছিলেন। ']","কেরানীগঞ্জে একটি বিদেশি পিস্তলসহ কবির হোসেন (২৮) নামের এক যুবককে গ্রেপ্তার করেছে ঢাকা জেলা (দক্ষিণ) গোয়েন্দা পুলিশ (ডিবি)
ডিবির এসআই মিজানুর রহমান বলেন, কবির হোসেনকে আটকের পর তাঁর দেহ তল্লাশি করে পয়েন্ট টুটু বোরের একটি বিদেশি পিস্তল ও একটি মুখোশ উদ্ধার করা হয়
"
"['  চোট কাটিয়ে ফেরার পর থেকে সময়টা খুব একটা ভালো যাচ্ছে না। ফর্মের সঙ্গে যুঝছেন অ্যালেক্সিস সানচেজ। তবে মাঠের বাইরে সময়টা উপভোগই করছেন আর্সেনালের চিলিয়ান ফরোয়ার্ড। অন্তত চিলির কুকুরের খাবার প্রস্তুতকারী এক প্রতিষ্ঠানের বিজ্ঞাপন দেখে তা-ই মনে হচ্ছে। এমনিতে কুকুর ভালোবাসেন তিনি। এর আগে বড়দিনের সময়ও নিজের কুকুরদের সঙ্গে একটি ভিডিও টুইটারে দিয়েছিলেন। এবার মাস্টার ডগ নামের পণ্যের বিজ্ঞাপনে সেটি আরেকবার দেখা গেল। টুইটারে বিজ্ঞাপনটি নিজেই ছড়িয়ে দিয়েছেন। শ্যুটিং হয়েছে লন্ডনে চিলিয়ান ফরোয়ার্ডের বাড়িতে। বিজ্ঞাপনটিতে নিজের দুই ল্যাবরাডার কুকুর অ্যাটম ও হাম্বারকে পরিচয় করিয়ে দেওয়ার পর সানচেজ নিজেকে পরিচয় করিয়ে দিয়েছেন ‘মাস্টার’ নামে। সানচেজকে সকালবেলা ঘুম থেকে উঠিয়ে দিয়েছে কুকুর দুটি। আবার অ্যাটম ও হাম্বারের চোখে সানগ্লাস লাগিয়ে সেলফিও তুলেছেন আর্সেনাল তারকা। পরে বিজ্ঞাপন যে উদ্দেশ্যে, সেটি মেনে কুকুর দুটিকে খাবারও তৈরি করে দিয়েছেন সানচেজ। ']","চোট কাটিয়ে ফেরার পর থেকে সময়টা খুব একটা ভালো যাচ্ছে না
তবে মাঠের বাইরে সময়টা উপভোগই করছেন আর্সেনালের চিলিয়ান ফরোয়ার্ড
এবার মাস্টার ডগ নামের পণ্যের বিজ্ঞাপনে সেটি আরেকবার দেখা গেল
পরে বিজ্ঞাপন যে উদ্দেশ্যে, সেটি মেনে কুকুর দুটিকে খাবারও তৈরি করে দিয়েছেন সানচেজ
"
"['  মুক্তিযুদ্ধ, শিক্ষা, ক্রীড়াসহ সাতটি ক্ষেত্রে বিশেষ অবদান রাখার জন্য সাতজনকে একুশে পদক দেবে চট্টগ্রাম সিটি করপোরেশন। ২১ ফেব্রুয়ারি চট্টগ্রাম মুসলিম ইনস্টিটিউট চত্বরে আন্তর্জাতিক মাতৃভাষা দিবসের অনুষ্ঠানে তাঁদের হাতে এই পদক তুলে দেওয়া হবে।']","চলতি বছর সিটি করপোরেশনের একুশে পদকের জন্য মনোনীত হয়েছেন শিক্ষাক্ষেত্রে সিটি করপোরেশনের সাবেক প্রধান শিক্ষা কর্মকর্তা ও চট্টগ্রাম কলেজের সাবেক অধ্যক্ষ রওশন আক্তার হানিফ (মরণোত্তর), ক্রীড়ায় চট্টগ্রাম বন্দর কর্তৃপক্ষ ও চট্টগ্রাম উন্নয়ন কর্তৃপক্ষের সাবেক চেয়ারম্যান প্রকৌশলী মাহমুদুল ইসলাম (মরণোত্তর), সাংবাদিকতায় আ জ ম ওমর (মরণোত্তর), সমাজসেবায় চট্টগ্রাম পৌরসভার সাবেক চেয়ারম্যান ফজল করিম (মরণোত্তর), বিদ্যাক্ষেত্রে অবদানে সাবেক কমিশনার মোহাম্মদ জাকারিয়া, মুক্তিযুদ্ধে সিরু বাঙালি ও সাংস্কৃতিক ক্ষেত্রে অরুণ চন্দ্র বণিক
"
['  সকাল সাড়ে নয়টা। রাজশাহী বিশ্ববিদ্যালয়ের আইন বিভাগ। নিচতলায় বিভাগীয় দপ্তরের সামনের বারান্দায় শুয়ে আছেন প্রথম বর্ষের ৫১ জন শিক্ষার্থী। তাঁদের বাকি ৭৯ জন সহপাঠী বিভাগের দ্বিতীয় তলায় পরীক্ষা দিতে বসেছেন। দপ্তরে প্রবেশ ও বের হওয়ার পথ বন্ধ হয়ে আছে। পরীক্ষার্থীদের প্রশ্ন ও উত্তরপত্র দেওয়া যাচ্ছে না। একপর্যায়ে বিভাগীয় দপ্তরের পেছনের জানালা দিয়ে প্রশ্ন ও উত্তরপত্র সরবরাহ করা হলো পরীক্ষার হলে। অনুষ্ঠিত হলো পরীক্ষা।'],"নিচতলায় বিভাগীয় দপ্তরের সামনের বারান্দায় শুয়ে আছেন প্রথম বর্ষের ৫১ জন শিক্ষার্থী
একপর্যায়ে বিভাগীয় দপ্তরের পেছনের জানালা দিয়ে প্রশ্ন ও উত্তরপত্র সরবরাহ করা হলো পরীক্ষার হলে
শিক্ষার্থীদের একটি অংশের আন্দোলনের মধ্যেই আইন বিভাগের প্রথম বর্ষের চূড়ান্ত পরীক্ষা শুরু হয়েছে
ক্লাসে প্রয়োজনীয় সংখ্যক উপস্থিতি না থাকায় বিভাগের ৫১ জন শিক্ষার্থী পরীক্ষায় অংশ নিতে পারেননি
পরীক্ষা দেওয়ার সুযোগ চেয়ে শিক্ষার্থীরা গত রোববার থেকে বিভাগের সামনে ‘আমরণ অনশন কর্মসূচি’তে বসেছেন
সকাল থেকে দুপুর পর্যন্ত অনশন পালনের সময় আন্দোলনকারী তিন শিক্ষার্থী অসুস্থ হয়ে পড়েন
"
"['  বিশিষ্ট পরমাণুবিজ্ঞানী ও প্রধানমন্ত্রী শেখ হাসিনার স্বামী প্রয়াত ড. এম এ ওয়াজেদ মিয়ার ৭৪তম জন্মবার্ষিকী আজ ১৬ ফেব্রুয়ারি। এ উপলক্ষে ঢাকা ও রংপুরে বিভিন্ন রাজনৈতিক, সামাজিক ও সাংস্কৃতিক সংগঠন কর্মসূচি গ্রহণ করেছে। খবর বাসসের।']","বিশিষ্ট পরমাণুবিজ্ঞানী ও প্রধানমন্ত্রী শেখ হাসিনার স্বামী প্রয়াত ড. এম এ ওয়াজেদ মিয়ার ৭৪তম জন্মবার্ষিকী আজ ১৬ ফেব্রুয়ারি
ওয়াজেদ মিয়ার জন্মবার্ষিকী উপলক্ষে রংপুর মহানগর এবং তাঁর জন্মস্থান লালদীঘি ফতেহপুরে ড. ওয়াজেদ স্মৃতি সংসদ, পীরগঞ্জ উপজেলা আওয়ামী লীগ, মহাজোটের শরিক দলগুলো এবং আওয়ামী লীগের অঙ্গসংগঠনগুলো স্মৃতিচারণা, ফাতেহা পাঠ, কবর জিয়ারত, মিলাদ মাহফিল ও গরিবদের মাঝে খাবার বিতরণসহ বেশ কিছু কর্মসূচি হাতে নিয়েছে
"
['  কেন্দ্রীয়ভাবে নির্বাচন কমিশনের জাতীয় পরিচয়পত্রের সেবা দেওয়ার কাজ বন্ধ হয়ে গেছে। আজ মঙ্গলবার থেকে পরিচয়পত্রের সেবা সংশ্লিষ্ট উপজেলা ও থানা কার্যালয়ের মাধ্যমে নিতে হবে।'],"আজ মঙ্গলবার থেকে পরিচয়পত্রের সেবা সংশ্লিষ্ট উপজেলা ও থানা কার্যালয়ের মাধ্যমে নিতে হবে
রাজধানীর আগারগাঁওয়ে জাতীয় পরিচয় নিবন্ধন বিভাগের কেন্দ্রীয় দপ্তরের ওপর অতিরিক্ত চাপ পড়ায় কমিশন এ সিদ্ধান্ত নিয়েছে বলে জানিয়েছেন কমিশন সচিবালয়ের সচিব সিরাজুল ইসলাম
কমিশন সচিবালয়ের সূত্র বলেছে, বর্তমানে জাতীয় তথ্যভান্ডারে ৯ কোটি ৯৮ লাখ ৯৮ হাজার ৫৫৩ জন ভোটার রয়েছেন
সম্প্রতি সরকারি কর্মকর্তা-কর্মচারীদের বেতন স্কেল ঘোষণার পর জাতীয় পরিচয়পত্র সংশোধনের জন্য ২ লাখ ৬৫ হাজারের বেশি আবেদন জমা পড়ে
"
"['  গ্লুকোমা অন্ধত্বের দ্বিতীয় বৃহত্তম কারণ। এ রোগে চোখের ভেতর চাপ বেড়ে গিয়ে চোখের অপটিক স্নায়ু ক্ষতিগ্রস্ত হয়, ফলে দৃষ্টির পরিসীমা ধীরে ধীরে কমতে থাকে। সঠিক সময়ে সঠিক চিকিৎসা না পেলে রোগী অন্ধ হয়ে যেতে পারে। গ্লুকোমা রোগে দৃষ্টির যে ক্ষতি হয়, তা কখনো ফেরত পাওয়া সম্ভব নয়।']","এ রোগে চোখের ভেতর চাপ বেড়ে গিয়ে চোখের অপটিক স্নায়ু ক্ষতিগ্রস্ত হয়, ফলে দৃষ্টির পরিসীমা ধীরে ধীরে কমতে থাকে
গ্লুকোমা থেকে রক্ষা পেতে নিয়মিত চোখ পরীক্ষা করবেন, বিশেষ করে ৪০ বছরের পর থেকে
গ্লুকোমা চিকিৎসার জন্য ব্যবহৃত হয় নানা ধরনের চোখের ড্রপ, কখনো লেজার এবং কখনো শল্যচিকিৎসা
তবে গ্লুকোমার আধুনিক চিকিৎসা হলো এক্সপ্রেস শান্ট ইমপ্লান্টেশন, যাতে সফলতা অনেক বেশি এবং জটিলতা অনেক কম
"
['  মুক্তিযুদ্ধের প্রধান সেনাপতি জেনারেল এম এ জি ওসমানীর ৩২তম মৃত্যুবার্ষিকী আজ। এ উপলক্ষে রাজধানী ঢাকা ও সিলেটে বিভিন্ন অনুষ্ঠানের আয়োজন করা হয়েছে।'],"মুক্তিযুদ্ধের প্রধান সেনাপতি জেনারেল এম এ জি ওসমানীর ৩২তম মৃত্যুবার্ষিকী আজ
রাজধানীর তোপখানা রোডে বাংলাদেশ শিশুকল্যাণ পরিষদ মিলনায়তনে আলোচনা সভার আয়োজন করেছে বঙ্গবীর ওসমানী স্মৃতি সংরক্ষণ পরিষদ
"
['  বাংলাদেশ বিমানবাহিনী যথাযোগ্য মর্যাদায় শহীদ সার্জেন্ট জহুরুল হকের ৪৭তম মৃত্যুবার্ষিকী আজ সোমবার পালন করেছে। ১৯৬৯ সালের এই দিনে তিনি আগরতলা ষড়যন্ত্র মামলায় ঢাকা সেনানিবাসে আটক অবস্থায় পাকিস্তানি সেনাবাহিনী কর্তৃক নিহত হন। এ উপলক্ষে চট্টগ্রামের বিএএফ ঘাঁটি জহুরুল হক কেন্দ্রীয় মসজিদে বাদ জোহর এক মিলাদ মাহফিলের আয়োজন করা হয়। মিলাদ শেষে মরহুমের বিদেহী আত্মার মাগফিরাত এবং দেশের অব্যাহত শান্তি ও সমৃদ্ধি কামনা করে বিশেষ মোনাজাত করা হয়। ওই মিলাদ মাহফিলে উপস্থিত ছিলেন এয়ার ভাইস মার্শাল এহসানুল গণি চৌধুরীসহ ঊর্ধ্বতন কর্মকর্তারা।'],"বাংলাদেশ বিমানবাহিনী যথাযোগ্য মর্যাদায় শহীদ সার্জেন্ট জহুরুল হকের ৪৭তম মৃত্যুবার্ষিকী আজ সোমবার পালন করেছে
মিলাদ শেষে মরহুমের বিদেহী আত্মার মাগফিরাত এবং দেশের অব্যাহত শান্তি ও সমৃদ্ধি কামনা করে বিশেষ মোনাজাত করা হয়
"
"['  ময়মনসিংহের ঈশ্বরগঞ্জে ট্রেনে কাটা পড়ে তোফাজ্জল হোসেন (৬০) নামে এক ব্যক্তির মৃত্যু হয়েছে। গতকাল সোমবার বিকেলে ঈশ্বরগঞ্জ রেলস্টেশনের অদূরে মরাখোলা নামক স্থানে এই দুর্ঘটনা ঘটে। কিশোরগঞ্জ রেলওয়ে পুলিশের উপপরিদর্শক মো. দেলোয়ার হোসেন বলেন, রেললাইন পার হতে গিয়ে ট্রেনে কাটা পড়েন তোফাজ্জল হোসেন। এ ঘটনায় পুলিশ একটি অপমৃত্যু মামলা দায়ের করেছে। তোফাজ্জল হোসেন গৌরীপুর উপজেলার পুম্বাইল গ্রামের বাসিন্দা। ']","ময়মনসিংহের ঈশ্বরগঞ্জে ট্রেনে কাটা পড়ে তোফাজ্জল হোসেন (৬০) নামে এক ব্যক্তির মৃত্যু হয়েছে
কিশোরগঞ্জ রেলওয়ে পুলিশের উপপরিদর্শক মো. দেলোয়ার হোসেন বলেন, রেললাইন পার হতে গিয়ে ট্রেনে কাটা পড়েন তোফাজ্জল হোসেন
"
"['  জামায়াতে ইসলামী মৌলভীবাজার জেলা শাখার আমিরসহ ২০-দলীয় জোটের ১৪ নেতা-কর্মীকে কারাগারে পাঠানো হয়েছে। তাঁদের মধ্যে বিএনপির ১১ জন এবং জামায়াতের তিনজন। গত বছরের ৫ জানুয়ারি ২০-দলীয় জোটের কালো পতাকা মিছিলের সময় পুলিশের সঙ্গে সংঘর্ষের মামলায় মৌলভীবাজারের অতিরিক্ত জ্যেষ্ঠ বিচারিক হাকিম বাহাউদ্দীন কাজীর আদালতে তাঁরা গতকাল সোমবার হাজির হয়ে জামিন চাইলে আদালত তা নামঞ্জুর করেন। ওই নেতা-কর্মীদের মধ্যে রয়েছেন জামায়াতের জেলা আমির আবদুল মান্নান, সদর উপজেলা বিএনপির সাধারণ সম্পাদক মো. ফখরুল ইসলাম, পৌর বিএনপির যুগ্ম সম্পাদক মামুদুর রহমান প্রমুখ। ']","জামায়াতে ইসলামী মৌলভীবাজার জেলা শাখার আমিরসহ ২০-দলীয় জোটের ১৪ নেতা-কর্মীকে কারাগারে পাঠানো হয়েছে
ওই নেতা-কর্মীদের মধ্যে রয়েছেন জামায়াতের জেলা আমির আবদুল মান্নান, সদর উপজেলা বিএনপির সাধারণ সম্পাদক মো. ফখরুল ইসলাম, পৌর বিএনপির যুগ্ম সম্পাদক মামুদুর রহমান প্রমুখ
"
['  অপহরণের পর মুক্তিপণ না পেয়ে গাজীপুরে চার বছরের এক শিশুকে হত্যা করা হয়েছে। গতকাল সোমবার বিকেলে গাজীপুরের কাশিমপুর সুরাবাড়ি এলাকার একটি জঙ্গল থেকে পুলিশ ওই শিশুর লাশ উদ্ধার করেছে।'],"অপহরণের পর মুক্তিপণ না পেয়ে গাজীপুরে চার বছরের এক শিশুকে হত্যা করা হয়েছে
এলাকাবাসী, নিহতের পরিবার ও পুলিশ সূত্রে জানা গেছে, মোকারম হোসেন স্ত্রী ও একমাত্র ছেলে সোলাইমানকে নিয়ে আট বছর আগে জীবিকার সন্ধানে গাজীপুরে আসেন
গত শনিবার বিকেল পাঁচটার দিকে তাঁর ছেলে সোলাইমান দোকানের উদ্দেশে বাসা থেকে বের হয়ে যায়
একপর্যায় ওই দিন রাতেই মোকারমের মুঠোফোনে অজ্ঞাত পরিচয়ের ব্যক্তি জানায়, সোলাইমানকে অপহরণ করা হয়েছে
"
"['  কানাঘুষা শোনা যাচ্ছিল, অভিযুক্ত ফুটবলারদের হয়তো শাস্তি হবে না। তবে শেষ পর্যন্ত ফুটবলাররা বাফুফের শাস্তি থেকে রেহাই পেলেন না।']","তবে শেষ পর্যন্ত ফুটবলাররা বাফুফের শাস্তি থেকে রেহাই পেলেন না
সর্বশেষ জাতীয় দলের অধিনায়ক মামুনুল ইসলাম ও উইঙ্গার জাহিদ হোসেন জাতীয় দলে নিষিদ্ধ এক বছর
গোলরক্ষক সোহেল, ডিফেন্ডার আতিকুর রহমান মিশু ও ইয়ামিন মুন্নাকে সতর্ক করে ছেড়ে দেওয়া হয়েছে
"
['  রাজধানীর উত্তরা থেকে অপহৃত শিশু মোবারক হোসেনকে দেড় মাস পর গাজীপুর থেকে উদ্ধার করেছে ঢাকা মহানগর পুলিশের (ডিএমপি) গোয়েন্দা বিভাগ (ডিবি)। অপহরণের ঘটনায় জড়িত থাকার অভিযোগে গত রোববার গাইবান্ধা ও গাজীপুর এলাকা থেকে দুজনকে গ্রেপ্তার করা হয়। তাঁরা হলেন আবদুল জব্বার ওরফে ঠান্ডু ও তাঁর স্ত্রী নাজমা আক্তার।'],"রাজধানীর উত্তরা থেকে অপহৃত শিশু মোবারক হোসেনকে দেড় মাস পর গাজীপুর থেকে উদ্ধার করেছে ঢাকা মহানগর পুলিশের (ডিএমপি) গোয়েন্দা বিভাগ (ডিবি)
অপহৃত শিশু উদ্ধার ও এর সঙ্গে জড়িত ব্যক্তিদের গ্রেপ্তারের খবর জানাতে গতকাল সোমবার দুপুরে রাজধানীর মিন্টো রোডের ডিএমপির মিডিয়া সেন্টারে এক সংবাদ সম্মেলনের আয়োজন করা হয়
এতে ডিএমপির অতিরিক্ত কমিশনার মো. মনিরুল ইসলাম বলেন, গত ২৯ ডিসেম্বর শিশু মোবারক (৬) উত্তরা ৯ নম্বর সেক্টরের ৬ নম্বর সড়কে তাদের ভাড়া বাসার সামনে খেলা করার সময় কৌশলে তাকে অপহরণ করা হয়
"
"['  কখনো ইন্দিরা গান্ধী অ্যাথলেটিকস স্টেডিয়াম, কখনো ভোগেশ্বরী ফুকনানি ইনডোর, ভেন্যু থেকে ভেন্যুতে হন্যে হয়ে ঘুরছেন ঢাকা থেকে আসা বাংলাদেশ অলিম্পিক অ্যাসোসিয়েশনের (বিওএ) কর্মকর্তারা। সবার চোখে-মুখে রাজ্যের বিষণ্নতা। গেমস যতই এগিয়েছে, কর্মকর্তাদের হতাশা বেড়েছে ততই। কাল তাই ভারোত্তোলক মাবিয়া আক্তার সীমান্ত যখন সোনা জিতলেন, বিওএর মহাসচিব সৈয়দ শাহেদ রেজাসহ অন্যরা হন্তদন্ত হয়ে ঢুকলেন গুয়াহাটির দিসপুর ভোগেশ্বরী ইনডোরে। কী এক টনিকে সেই বিষণ্নতা মুহূর্তেই উধাও। এসেই ভারোত্তোলক সীমান্তকে পরম স্নেহে জড়িয়ে ধরলেন বিওএ মহাসচিব। স্বর্ণকন্যাকে ঘিরে সবাই ব্যস্ত হয়ে পড়লেন ছবি তুলতে।']","কখনো ইন্দিরা গান্ধী অ্যাথলেটিকস স্টেডিয়াম, কখনো ভোগেশ্বরী ফুকনানি ইনডোর, ভেন্যু থেকে ভেন্যুতে হন্যে হয়ে ঘুরছেন ঢাকা থেকে আসা বাংলাদেশ অলিম্পিক অ্যাসোসিয়েশনের (বিওএ) কর্মকর্তারা
কাল তাই ভারোত্তোলক মাবিয়া আক্তার সীমান্ত যখন সোনা জিতলেন, বিওএর মহাসচিব সৈয়দ শাহেদ রেজাসহ অন্যরা হন্তদন্ত হয়ে ঢুকলেন গুয়াহাটির দিসপুর ভোগেশ্বরী ইনডোরে
ঢাকায় সর্বশেষ এসএ গেমসে ১৮টি সোনার পদক জেতে বাংলাদেশ
গতবারের ৪ সোনাজয়ী কারাতে, ২ সোনাজয়ী গলফ ও সোনাজয়ী ক্রিকেট এবার তো অন্তর্ভুক্তই হয়নি
সেই আর্তি কিছুটা পূরণ করলেন প্রথমে সীমান্তই, এরপর সন্ধ্যায় সাঁতার থেকে সোনা আনলেন মাহফুজা খাতুন শিলা
"
['  বিচারপ্রার্থীদের ভোগান্তি কমাতে আপিল বিভাগের অবসরপ্রাপ্ত বিচারপতি এ এইচ এম শামসুদ্দিন চৌধুরীকে গণমাধ্যমে কথা না বলে তাঁর কাছে থাকা মামলার নথিগুলো দ্রুত ফেরত দিতে বলেছেন প্রধান বিচারপতি।'],"বিচারপ্রার্থীদের ভোগান্তি কমাতে আপিল বিভাগের অবসরপ্রাপ্ত বিচারপতি এ এইচ এম শামসুদ্দিন চৌধুরীকে গণমাধ্যমে কথা না বলে তাঁর কাছে থাকা মামলার নথিগুলো দ্রুত ফেরত দিতে বলেছেন প্রধান বিচারপতি
সর্বোচ্চ আদালতের পক্ষ থেকে বলা হয়েছে, \""প্রধান বিচারপতি আশা করেন, বর্তমান ও ভবিষ্যতে বিচারপতিরা কোর্টের পবিত্রতা ও মর্যাদা বজায় রাখতে এ ধরনের কাজ থেকে বিরত থাকবেন।\""
গত সেপ্টেম্বরে অবসরে যাওয়ার আগে পেনশন আটকে দেওয়ার অভিযোগ তুলে বিচারপতি শামসুদ্দিন চৌধুরী একাধিকবার প্রধান বিচারপতিকে চিঠি দেন
"
['  জাতীয় সম্মেলনের পর ছয় মাসের বেশি হয়ে গেলেও এখনো কেন্দ্রীয় কমিটি পূর্ণাঙ্গ করতে পারেনি আওয়ামী লীগের ছাত্রসংগঠন ছাত্রলীগ। এদিকে কমিটি না হওয়ায় পদপ্রত্যাশীরা সাবেক ও বর্তমান নেতাদের বাসায় ছুটছেন।'],"জাতীয় সম্মেলনের পর ছয় মাসের বেশি হয়ে গেলেও এখনো কেন্দ্রীয় কমিটি পূর্ণাঙ্গ করতে পারেনি আওয়ামী লীগের ছাত্রসংগঠন ছাত্রলীগ
গত বছরের ২৬ জুলাই ২৮তম জাতীয় সম্মেলনে সাইফুর রহমান সভাপতি এবং এস এম জাকির হোসাইন ছাত্রলীগের সাধারণ সম্পাদক নির্বাচিত হন
এর দুই মাস পর ৪ অক্টোবর বিজ্ঞপ্তি দিয়ে কেন্দ্রীয় কার্যনির্বাহী সংসদের পদপ্রত্যাশীদের জীবনবৃত্তান্ত আহ্বান করে ছাত্রলীগের কেন্দ্রীয় দপ্তর
পদপ্রত্যাশীদের অভিযোগ, কারা নেতা হবেন, তাঁরা কার অনুসারী, কোন এলাকার নেতা—এসব হিসাব শেষ হচ্ছে না সাবেক ও বর্তমান নেতাদের
গতকাল তিনি প্রথম আলোকে বলেন, \""বিতর্কিত লোক, অযোগ্য লোক কমিটিতে আসার জন্য চেষ্টা-তদবির করতেই পারে। কিন্তু তারা পদ পায় কি না আপনারা নজর রাইখেন\""
"
['  এখন ছাত্রত্ব নেই এমন বয়স্ক নেতাদের কমিটিতে স্থান দিতে গিয়েই ছাত্রদলের কমিটির আকার বাড়ানো হয়েছে। কমিটি গঠনের সঙ্গে যুক্ত ছিলেন এমন একাধিক নেতার সঙ্গে কথা বলে এ কথা জানা গেছে।'],"এখন ছাত্রত্ব নেই এমন বয়স্ক নেতাদের কমিটিতে স্থান দিতে গিয়েই ছাত্রদলের কমিটির আকার বাড়ানো হয়েছে
এসব নেতা জানান, গত শনিবার রাতে ঘোষিত ৭৩৬ সদস্যের এই বিশাল কমিটির প্রায় সবারই বয়স ২৯ বছরের বেশি
কমিটি গঠনের সঙ্গে যুক্ত বিএনপির দুজন কেন্দ্রীয় নেতা নাম প্রকাশ না করার শর্তে বলেন, বয়স যা-ই হোক, ছাত্রদল করতেন এমন সবাইকে এবং সংগঠনের সব পক্ষকে খুশি রাখার পাশাপাশি ভবিষ্যতে রাজপথের আন্দোলনে উপস্থিতি নিশ্চিত করতে এত বড় আকারের কমিটি করা হয়েছে
তা ছাড়া আন্দোলনের সময় সরকার ঢালাও গ্রেপ্তার শুরু করলেও যেন সংগঠন নেতৃত্ব-সংকটে না পড়ে, কমিটি করার ক্ষেত্রে এটাও বিবেচনায় এসেছে
ছাত্রদলের দায়িত্বশীল একাধিক সূত্র জানায়, কেন্দ্রীয় কমিটিতে স্থান পাওয়াদের মধ্যে তিন শতাধিক হলেন ঢাকা বিশ্ববিদ্যালয়ের সাবেক ছাত্রনেতা
"
['  জনপ্রিয় ইংরেজি দৈনিক ডেইলি স্টার বন্ধ করে দেওয়ার দাবি করেছেন কয়েকজন সাংসদ। তাঁরা পত্রিকার সম্পাদক মাহ্ফুজ আনামের পদত্যাগ এবং বিচারও দাবি করেন। গতকাল রোববার সংসদে পয়েন্ট অব অর্ডারে দাঁড়িয়ে অনির্ধারিত আলোচনায় সাংসদেরা এই দাবি তোলেন।'],"সরকারি দলের সাংসদ ফজলে নূর তাপস বলেন, কয়েক দিন আগে ডেইলি স্টার সম্পাদক অকপটে স্বীকার করেছেন, ওয়ান-ইলেভেনের সময় জননেত্রী শেখ হাসিনার বিরুদ্ধে তৎকালীন ডিজিএফআইয়ের পাঠানো মিথ্যা, বানোয়াট ও সাজানো দুর্নীতির গল্প যাচাই না করেই তিনি ছাপিয়েছেন
এ জন্য মাহ্ফুজ আনামের পদত্যাগ ও পত্রিকাটি অনতিবিলম্বে বন্ধ করে দেওয়ার দাবি জানান তাপস
"
"['  বগুড়ার সরকারি আজিজুল হক কলেজের প্রশাসনিক ভবনের সামনে বসে গত শনিবার সকাল ১০টায় দুজন শিক্ষার্থী গল্প করছিলেন। তাঁদের একজন মার্কেটিং বিভাগের স্নাতক (সম্মান) প্রথম বর্ষের ছাত্র বখতিয়ার ওয়াদুদ। কথা প্রসঙ্গে বললেন, \\""ক্লাস হবে না, তাই গল্প করছি\\""।']","বগুড়ার সরকারি আজিজুল হক কলেজের প্রশাসনিক ভবনের সামনে বসে গত শনিবার সকাল ১০টায় দুজন শিক্ষার্থী গল্প করছিলেন
‘কেন ক্লাস হবে না’—এমন প্রশ্নের উত্তরে বখতিয়ার বললেন, তাঁর বিভাগে শিক্ষক মাত্র দুজন, শ্রেণিকক্ষ একটি
গত শনিবার ১০ জন শিক্ষক ও ২০ জন শিক্ষার্থীর সঙ্গে কথা বলে জানা গেছে, ৭৭ বছরের পুরোনো উত্তরবঙ্গের ঐতিহ্যবাহী এই কলেজে শিক্ষক, শ্রেণিকক্ষ ও আবাসন সমস্যা তীব্র
বগুড়া কলেজ নামে ১৯৩৯ সালের ৩ জুলাই এই প্রতিষ্ঠানের যাত্রা শুরু
ওই বছর কলকাতা বিশ্ববিদ্যালয়ের তৎকালীন উপাচার্য স্যার আজিজুল হক বগুড়ায় আসেন এবং কলেজটি অনুমোদন করে কলকাতা বিশ্ববিদ্যালয়
"
['  চা-দোকানি বাবুল মাতবরকে আগুনে পুড়িয়ে মারার ঘটনায় ঢাকা মহানগর পুলিশ (ডিএমপি) সদর দপ্তরের কমিটি শাহ আলী থানার তৎকালীন ভারপ্রাপ্ত কর্মকর্তাসহ (ওসি) পাঁচ সদস্যকে অভিযুক্ত করেছে। তদন্ত প্রতিবেদনে এই পুলিশ সদস্যদের বিরুদ্ধে বিভাগীয় ব্যবস্থা নেওয়ার সুপারিশ করা হয়েছে।'],"চা-দোকানি বাবুল মাতবরকে আগুনে পুড়িয়ে মারার ঘটনায় ঢাকা মহানগর পুলিশ (ডিএমপি) সদর দপ্তরের কমিটি শাহ আলী থানার তৎকালীন ভারপ্রাপ্ত কর্মকর্তাসহ (ওসি) পাঁচ সদস্যকে অভিযুক্ত করেছে
অভিযুক্ত পুলিশ কর্মকর্তারা হলেন শাহ আলী থানার তৎকালীন ওসি এ কে এম শাহীন মণ্ডল, উপপরিদর্শক (এসআই) মমিনুর রহমান খান ও এসআই নিয়াজউদ্দিন মোল্লা, এএসআই দেবেন্দ্র নাথ এবং কনস্টেবল জসিমউদ্দিন
"
['  পানি-বিষয়ক একটি উচ্চপর্যায়ের প্যানেল গঠন করতে যাচ্ছে জাতিসংঘ। এই প্যানেলের সদস্য হওয়ার জন্য প্রধানমন্ত্রী শেখ হাসিনাকে প্রস্তাব দিয়েছেন জাতিসংঘের মহাসচিব বান কি মুন। শেখ হাসিনা ওই প্রস্তাব গ্রহণ করেছেন। খবর বাসসের।'],"এই প্যানেলের সদস্য হওয়ার জন্য প্রধানমন্ত্রী শেখ হাসিনাকে প্রস্তাব দিয়েছেন জাতিসংঘের মহাসচিব বান কি মুন
প্রধানমন্ত্রীর প্রেস সচিব ইহসানুল করিম বাসসকে জানান, গতকাল রোববার রাত আটটায় প্রধানমন্ত্রী শেখ হাসিনাকে টেলিফোন করেন বান কি মুন
তিনি এই সম্মেলনে বাংলাদেশের উচ্চপর্যায়ের প্রতিনিধিদল পাঠানোর জন্য প্রধানমন্ত্রীকে অনুরোধ জানান
প্রধানমন্ত্রী জাতিসংঘ মহাসচিবকে জানান, এ বছরের ডিসেম্বরে ঢাকায় ‘গ্লোবাল ফোরাম অন মাইগ্রেশন অ্যান্ড ডেভেলপমেন্ট’ শীর্ষক একটি সম্মেলন হতে যাচ্ছে
"
['  ফটোকপি করা তিন বইয়ের দাম ৯১ হাজার টাকা। অর্থাৎ প্রতিটি বইয়ের দাম পড়েছে ৩০ হাজার টাকার বেশি।'],"ফটোকপি করা তিন বইয়ের দাম ৯১ হাজার টাকা
জানতে চাইলে সংসদের লাইব্রেরি কমিটির সভাপতি ডেপুটি স্পিকার ফজলে রাব্বী মিয়া প্রথম আলোকে বলেন, \""ফটোকপি করা সংসদ-বিষয়ক তিনটি বই শুরুতে আমার হাতে এসেছিল। কিন্তু কাজ এতই নিখুঁত যে, বইগুলো যে ফটোকপি, তা আমি ধরতে পারিনি। পরে আমার কার্যালয়ের এক কর্মকর্তা জানান, এসব বই আসল নয়; ফটোকপি করা। শুধু তাই নয়, সরবরাহ করার কথা ২০১৫ সালের সংস্করণ। কিন্তু তারা সরবরাহ করেছে ২০১২ সালের সংস্করণ\""
"
"['  মুস্তাফিজুর রহমানের এশিয়া কাপ শেষ হয়ে গেল আকস্মিক চোটের হানায়। আসন্ন টি-টোয়েন্টি বিশ্বকাপের শুরুর দিকে তাঁর খেলা নিয়েও তৈরি হয়েছে অনিশ্চয়তা। এমন দুঃসংবাদের মধ্যে মুস্তাফিজুর রহমান পেলেন একটি সুসংবাদ, সুযোগ পেয়েছেন ইংল্যান্ডের কাউন্টি দলে খেলার। আগামী মে মাসে শুরু ন্যাটওয়েস্ট টি-টোয়েন্টি ব্লাস্ট টুর্নামেন্টে সাসেক্স তাদের দলে টেনেছে বাংলাদেশের এই বাঁহাতি পেসারকে। সাসেক্সের ওয়েবসাইটই কাল খবরটি নিশ্চিত করেছে। ']","মুস্তাফিজুর রহমানের এশিয়া কাপ শেষ হয়ে গেল আকস্মিক চোটের হানায়
এমন দুঃসংবাদের মধ্যে মুস্তাফিজুর রহমান পেলেন একটি সুসংবাদ, সুযোগ পেয়েছেন ইংল্যান্ডের কাউন্টি দলে খেলার
আগামী মে মাসে শুরু ন্যাটওয়েস্ট টি-টোয়েন্টি ব্লাস্ট টুর্নামেন্টে সাসেক্স তাদের দলে টেনেছে বাংলাদেশের এই বাঁহাতি পেসারকে
ইংল্যান্ডের প্রাচীনতম কাউন্টি দল সাসেক্সে কিংবা আইপিএলের দল সানরাইজার্স হায়দরাবাদে মুস্তাফিজের খেলার সুযোগ পাওয়াটা দেশের জন্যই গর্বের ব্যাপার
"
['  তারেক রহমানের শাশুড়ি হওয়ার কারণেই সৈয়দা ইকবাল মান্দ বানুর বিরুদ্ধে দুর্নীতির মামলা দেওয়া হয়েছে বলে অভিযোগ করেছেন বিএনপির ভারপ্রাপ্ত মহাসচিব মির্জা ফখরুল ইসলাম আলমগীর। তিনি অবিলম্বে দুদকের করা ‘মিথ্যা ও হয়রানিমূলক’ মামলা প্রত্যাহারের দাবি জানান।'],"তারেক রহমানের শাশুড়ি হওয়ার কারণেই সৈয়দা ইকবাল মান্দ বানুর বিরুদ্ধে দুর্নীতির মামলা দেওয়া হয়েছে বলে অভিযোগ করেছেন বিএনপির ভারপ্রাপ্ত মহাসচিব মির্জা ফখরুল ইসলাম আলমগীর
"
"['  জাতীয় পার্টির (জাপা) তৃণমূল নেতাদের সঙ্গে আজ সোমবার এরশাদের মতবিনিময় সভা সামনে রেখে আবারও উত্তপ্ত হয়ে উঠেছে দলটির ভেতরের পরিবেশ। জাপার সংসদীয় দল সিদ্ধান্ত নিয়েছে, রওশন এরশাদকে জাপার এক নম্বর কো-চেয়ারম্যান করা না হলে তাঁরা আজকের মতবিনিময় সভা বর্জন করবেন।']","জাপার সংসদীয় দল সিদ্ধান্ত নিয়েছে, রওশন এরশাদকে জাপার এক নম্বর কো-চেয়ারম্যান করা না হলে তাঁরা আজকের মতবিনিময় সভা বর্জন করবেন
এ বিষয়ে জানতে চাইলে জাপার কো-চেয়ারম্যান জি এম কাদের প্রথম আলোকে বলেন, \""এটা রওশন এরশাদ করেছেন কি না, তা নিয়ে আমার সংশয় আছে। তা ছাড়া সংসদীয় দল এটা করতে পারে না। তারা কেবল সংসদের বিষয়গুলো দেখবে, অন্য বিষয় নয়\""
সভার সিদ্ধান্তের বিষয়ে সংসদে বিরোধীদলীয় নেতা রওশনের রাজনৈতিক সচিব ফখরুল ইমাম গত রাতে প্রথম আলোকে বলেছেন, রওশন এরশাদকে দলের কো-চেয়ারম্যান করা না হলে আজকের মতবিনিময় সভাসহ ভবিষ্যতে জাপার কোনো রাজনৈতিক কর্মসূচিতে সংসদীয় দল অংশ নেবে না
"
['  বাল্যবিবাহ না দেওয়া বা এই ধরনের বিয়ে নিবন্ধন না করার শপথ করেছেন টাঙ্গাইলের মির্জাপুর উপজেলার কাজি (বিবাহ ও নিকাহ রেজিস্ট্রার) ও পুরোহিতেরা। গতকাল রোববার বিকেলে ইউএনও মো. মাসুম আহমেদ তাঁদের শপথ করান। দুপুরে উপজেলা পরিষদ মিলনায়তনে মির্জাপুর পৌরসভা ও ১৪টি ইউনিয়নের কাজি ও পুরোহিতদের নিয়ে সভা হয়।'],"বাল্যবিবাহ না দেওয়া বা এই ধরনের বিয়ে নিবন্ধন না করার শপথ করেছেন টাঙ্গাইলের মির্জাপুর উপজেলার কাজি (বিবাহ ও নিকাহ রেজিস্ট্রার) ও পুরোহিতেরা
"
"['  পুলিশের অতিরিক্ত মহাপরিদর্শক মোখলেসুর রহমান বলেছেন, টাঙ্গাইলের আওয়ামী লীগ নেতা ফারুক আহমেদ হত্যা মামলার অভিযুক্ত ব্যক্তিরা কে কী করেন সেটা দেখার সুযোগ নেই। তাঁরা যত প্রভাবশালীই হোন, তাঁদের গ্রেপ্তার করা হবে।']","২০১৩ সালের ১৮ জানুয়ারি রাতে শহরের কলেজপাড়া এলাকার নিজ বাসার কাছ থেকে জেলা আওয়ামী লীগের সদস্য মুক্তিযোদ্ধা ফারুক আহমদের গুলিবিদ্ধ লাশ উদ্ধার করা হয়
এদিকে ঢাকায় পুলিশের উপস্থিতিতে চা-দোকানি বাবুল মাতবরের গায়ে আগুন দেওয়ার ঘটনা প্রসঙ্গে মোখলেসুর রহমান বলেন, \""জড়িত পুলিশ সদস্যদের বিরুদ্ধে ব্যবস্থা নেওয়া হবে। অমানবিক কাজে কেউ জড়িত হোক আমরা চাই না। এ ঘটনায় আমরা বিব্রত। বিব্রতকর অবস্থা থেকে আমরা পরিত্রাণ চাই।\""
"
['  টাঙ্গাইল জেলার ঘাটাইলের হামিদপুরে সাংসদ আমানুর রহমান খানের (রানা) সমর্থনে ও তাঁর বিপক্ষে একই স্থানে সমাবেশ ডাকা নিয়ে গতকাল রোববার হামিদপুর বাজার ও বাসস্ট্যান্ড এলাকায় ১৪৪ ধারা জারি করে স্থানীয় প্রশাসন।'],"টাঙ্গাইল জেলার ঘাটাইলের হামিদপুরে সাংসদ আমানুর রহমান খানের (রানা) সমর্থনে ও তাঁর বিপক্ষে একই স্থানে সমাবেশ ডাকা নিয়ে গতকাল রোববার হামিদপুর বাজার ও বাসস্ট্যান্ড এলাকায় ১৪৪ ধারা জারি করে স্থানীয় প্রশাসন
ঘাটাইল উপজেলা আওয়ামী লীগের আহ্বায়ক শহিদুল ইসলাম বলেন, আওয়ামী লীগ নেতা ও মুক্তিযোদ্ধা ফারুক আহমেদ হত্যা মামলায় অভিযুক্ত সাংসদ আমানুর ও তাঁর তিন ভাইয়ের বিচার এবং দল থেকে বহিষ্কারের দাবিতে দিগড় ও দিঘলকান্দি ইউনিয়ন আওয়ামী লীগ যৌথভাবে হামিদপুর বাসস্ট্যান্ডে বেলা তিনটায় সমাবেশ আহ্বান করে
এতে ঘাটাইল উপজেলা আওয়ামী লীগের আহ্বায়ক শহীদুল ইসলাম, যুগ্ম আহ্বায়ক মজিবর রহমান, আবদুর রহিম প্রমুখ বক্তব্য দেন
"
"['  মুক্তিযুদ্ধে শহীদদের সংখ্যা নিয়ে বিতর্কিত মন্তব্য করায় খালেদা জিয়ার ক্ষমা চাওয়া উচিত বলে মন্তব্য করেছেন ১৪-দলীয় জোটের মুখপাত্র ও স্বাস্থ্যমন্ত্রী মোহাম্মদ নাসিম। তিনি খালেদা জিয়া ও গয়েশ্বর চন্দ্রকে উদ্দেশ করে বলেন, \\""আশ্চর্য লাগে, বিস্ময় লাগে, এঁরা কী বাংলাদেশের নাগরিক।\\""']","মুক্তিযুদ্ধে শহীদদের সংখ্যা নিয়ে বিতর্কিত মন্তব্য করায় খালেদা জিয়ার ক্ষমা চাওয়া উচিত বলে মন্তব্য করেছেন ১৪-দলীয় জোটের মুখপাত্র ও স্বাস্থ্যমন্ত্রী মোহাম্মদ নাসিম
তিনি খালেদা জিয়া ও গয়েশ্বর চন্দ্রকে উদ্দেশ করে বলেন, \""আশ্চর্য লাগে, বিস্ময় লাগে, এঁরা কী বাংলাদেশের নাগরিক।\""
মোহাম্মদ নাসিম বলেন, \""আমরা মনে করি, পাকিস্তানের বোধোদয় হবে। তারা আমাদের সঙ্গে সম্পর্ক রাখার চেষ্টা করবে। না হলে আজ হোক কাল হোক বাংলাদেশের মানুষকে চিন্তা করতে হবে, পাকিস্তানের সঙ্গে আমাদের কূটনৈতিক সম্পর্ক থাকবে কি না\""
"
['  বাংলাদেশে নবনিযুক্ত ভারতীয় হাইকমিশনার হর্ষ বর্ধন শ্রীংলা ও যুক্তরাজ্যের নবনিযুক্ত হাইকমিশনার অ্যালিসন ব্লেইক গতকাল রোববার প্রধানমন্ত্রী শেখ হাসিনার সঙ্গে সৌজন্য সাক্ষাৎ করেছেন।'],"বাংলাদেশে নবনিযুক্ত ভারতীয় হাইকমিশনার হর্ষ বর্ধন শ্রীংলা ও যুক্তরাজ্যের নবনিযুক্ত হাইকমিশনার অ্যালিসন ব্লেইক গতকাল রোববার প্রধানমন্ত্রী শেখ হাসিনার সঙ্গে সৌজন্য সাক্ষাৎ করেছেন
ইহসানুল করিম বলেন, প্রধানমন্ত্রীর সঙ্গে বৈঠকে হর্ষ বর্ধন শ্রীংলা বলেন, ঢাকার সঙ্গে তাঁদের সম্পর্ককে নয়াদিল্লি সর্বোচ্চ অগ্রাধিকার দেয় এবং এই সম্পর্ককে ‘নতুন উচ্চতায়’ নিয়ে যেতে চায়
বাংলাদেশ, ভুটান, ভারত ও নেপালের মধ্যে মোটরযান চুক্তির কথা উল্লেখ করে প্রধানমন্ত্রী বলেন, চারটি দেশের মধ্যে যোগাযোগ জোরদারে এ উদ্যোগ নেওয়া হয়েছে
"
['  ১৫ মাস পর জাতীয়তাবাদী ছাত্রদলের পূর্ণাঙ্গ কেন্দ্রীয় কমিটি অনুমোদন করা হয়েছে। গঠনতন্ত্র অনুযায়ী সংগঠনটির কেন্দ্রীয় কমিটি ১৫১ সদস্যের হলেও এবার জায়গা পেয়েছেন ৭৩৬ জন।'],"গঠনতন্ত্র অনুযায়ী সংগঠনটির কেন্দ্রীয় কমিটি ১৫১ সদস্যের হলেও এবার জায়গা পেয়েছেন ৭৩৬ জন
বিজ্ঞপ্তিতে বলা হয়, কেন্দ্রীয় কমিটির পাশাপাশি ৩ বছর ৪ মাস পর সংগঠনটির ঢাকা বিশ্ববিদ্যালয় কমিটিও অনুমোদন করা হয়েছে
এ ছাড়া জাহাঙ্গীরনগর বিশ্ববিদ্যালয়, ঢাকা মহানগর উত্তর, দক্ষিণ, পূর্ব ও পশ্চিম, ঢাকা কলেজ, তিতুমীর কলেজ, তেজগাঁও কলেজ, সরকারি কবি নজরুল কলেজ, সরকারি বাঙলা কলেজ, শেরেবাংলা কৃষি বিশ্ববিদ্যালয়, বেসরকারি বিশ্ববিদ্যালয় এবং ঢাকা জেলার কমিটিও অনুমোদন করা হয়
"
['  মুন্সিগঞ্জ থেকে পুরান ঢাকার ভিক্টোরিয়া পার্ক এলাকায় মেয়ের বাসায় বেড়াতে এসেছিলেন মুক্তিযোদ্ধা মো. হাবীবুল্লাহ। পথে শ্রীনগরে বাসের ভেতরে তাঁকে অচেতন অবস্থায় পাওয়া যায়। তাঁকে উদ্ধার করে প্রথমে স্থানীয় হাসপাতাল ও পরে ঢাকার মিটফোর্ড হাসপাতালে ভর্তি করা হয়। চিকিৎসাধীন অবস্থায় গতকাল শনিবার তাঁর মৃত্যু হয়।'],"মুন্সিগঞ্জ থেকে পুরান ঢাকার ভিক্টোরিয়া পার্ক এলাকায় মেয়ের বাসায় বেড়াতে এসেছিলেন মুক্তিযোদ্ধা মো. হাবীবুল্লাহ
মৃতের ভাতিজা নহৃর হোসেন বলেন, হাবীবুল্লাহ মুন্সিগঞ্জ জেলা আওয়ামী লীগের উপদেষ্টা এবং ইছাপুর ইউনিয়ন পরিষদের চারবার নির্বাচিত চেয়ারম্যান ছিলেন
নহৃর বলেন, প্রাথমিকভাবে অজ্ঞান পার্টির খপ্পরে পড়ার ধারণাই তাঁরা করছেন
তবে রাজনৈতিক প্রতিদ্বন্দ্বীদের কেউ তাঁকে বিষ প্রয়োগে হত্যা করে থাকতে পারে
"
['  ১৯৯০ সাল থেকে এ পর্যন্ত ২৫ বছরে বাংলাদেশে খুন হয়েছেন ২৫ জন সাংবাদিক। একই সময়ে সারা বিশ্বে হত্যা করা হয়েছে ২ হাজার ২৯৭ জন সাংবাদিককে।'],"১৯৯০ সাল থেকে এ পর্যন্ত ২৫ বছরে বাংলাদেশে খুন হয়েছেন ২৫ জন সাংবাদিক
একই সময়ে সারা বিশ্বে হত্যা করা হয়েছে ২ হাজার ২৯৭ জন সাংবাদিককে
সাংবাদিকদের আন্তর্জাতিক সংগঠন ইন্টারন্যাশনাল ফেডারেশন অব জার্নালিস্টের (আইএসজে) ২৫তম প্রতিবেদনে এ তথ্য উল্লেখ করা হয়েছে
তবে আইএসজের প্রতিবেদনে সংখ্যার চেয়ে ভয়াবহ যে দিকটি উঠে এসেছে তা হলো, সাংবাদিক হত্যার বিচার না হওয়া
"
['  অনেক দিন সেঞ্চুরির দেখা পাচ্ছিলেন না রকিবুল হাসান। পরশু ঘুচেছে সেই আক্ষেপ। ওয়ালটন মধ্যাঞ্চলের ব্যাটসম্যান কাল পেয়ে গেলেন তাঁর প্রথম শ্রেণির ক্যারিয়ারে দ্বিতীয় ডাবল সেঞ্চুরিও। কক্সবাজারের শেখ কামাল আন্তর্জাতিক স্টেডিয়ামে কাল সেঞ্চুরি পেয়েছেন রকিবুল-সতীর্থ তানভীর হায়দারও। তাঁদের দল মধ্যাঞ্চলও ৮ উইকেটে ৫৮৮ রানের পাহাড় গড়ে ঘোষণা করেছে ইনিংস। জবাবে দ্বিতীয় দিন শেষে ২ উইকেটে ১৪২ করেছে ইসলামী ব্যাংক মধ্যাঞ্চল।'],"অনেক দিন সেঞ্চুরির দেখা পাচ্ছিলেন না রকিবুল হাসান
ওয়ালটন মধ্যাঞ্চলের ব্যাটসম্যান কাল পেয়ে গেলেন তাঁর প্রথম শ্রেণির ক্যারিয়ারে দ্বিতীয় ডাবল সেঞ্চুরিও
ফ্র্যাঞ্চাইজি বাংলাদেশ ক্রিকেট লিগের (বিসিএল) চতুর্থ রাউন্ডের অন্য ম্যাচে বিসিবি উত্তরাঞ্চলকে ২৯৬ রানে অলআউট করার পর ৪ উইকেটেই ২৪৭ রান তুলে ফেলেছে প্রাইম ব্যাংক দক্ষিণাঞ্চল
জবাবে এনামুল হক ও শাহরিয়ার নাফীস উদ্বোধনী জুটিতে ১১৮ রান এনে দেন দক্ষিণাঞ্চলকে
"
['  প্রবৃদ্ধির হার ৭ শতাংশে উন্নীত করতে চলমান প্রকল্পগুলো দ্রুত শেষ করার তাগিদ দিয়েছেন প্রধানমন্ত্রী শেখ হাসিনা। গতকাল শনিবার সকালে রাজধানীর ইঞ্জিনিয়ার্স ইনস্টিটিউশন মিলনায়তনে ইঞ্জিনিয়ার্স ইনস্টিটিউশন বাংলাদেশের (আইইবি) ৫৬তম কনভেনশনে প্রধান অতিথির ভাষণে প্রধানমন্ত্রী এসব কথা বলেন। খবর বাসসের। '],"প্রবৃদ্ধির হার ৭ শতাংশে উন্নীত করতে চলমান প্রকল্পগুলো দ্রুত শেষ করার তাগিদ দিয়েছেন প্রধানমন্ত্রী শেখ হাসিনা
শেখ হাসিনা বলেন, \""আমরা এখন বড় বড় প্রকল্প বাস্তবায়নের সক্ষমতা অর্জন করেছি। আমাদের সেখানে বদনাম দেওয়ার চেষ্টা হয়েছিল। অর্থ বরাদ্দ না দিয়েই অর্থ লোপাটের দুর্নাম দেওয়ার চেষ্টা হয়। এর সঙ্গে যেহেতু দেশের ভাবমূর্তি জড়িত, তাই আমরা চ্যালেঞ্জ হিসেবেই পদ্মা সেতুর কাজ নিজেদের অর্থায়নে শুরু করেছি। আমরা প্রমাণ করেছি, আমরা চাইলে যেকোনো অসাধ্যই সাধন করতে পারি\""
"
['  টাঙ্গাইলে সাংসদ আমানুর রহমান খানের (রানা) সমর্থক ও তাঁর বিরোধীদের মধ্যে এখনো উত্তেজনা চলছে। আওয়ামী লীগ নেতা ফারুক আহমেদ হত্যা মামলায় আমানুর ও তাঁর ভাইদের বিচারের দাবিতে গতকাল শনিবার সাংসদের নির্বাচনী এলাকা ঘাটাইলে বিক্ষোভ করেছে সাংসদবিরোধী অংশ।'],"আওয়ামী লীগ নেতা ফারুক আহমেদ হত্যা মামলায় আমানুর ও তাঁর ভাইদের বিচারের দাবিতে গতকাল শনিবার সাংসদের নির্বাচনী এলাকা ঘাটাইলে বিক্ষোভ করেছে সাংসদবিরোধী অংশ
এদিকে সাংসদবিরোধী ও সাংসদ সমর্থকদের মধ্যে গত বুধবারের পাল্টাপাল্টি হামলার ঘটনায় র্যা বের হাতে আটক ছাত্রলীগ ও যুবলীগের নয়জন নেতা-কর্মীকে গতকাল আদালতের মাধ্যমে জেলহাজতে পাঠানো হয়েছে
ঘাটাইল থানার ভারপ্রাপ্ত কর্মকর্তা (ওসি) মোহাম্মদ কামাল হোসেন বলেন, নয়জনকে আটক করার পর গত শুক্রবার রাতে তাঁদের থানায় হস্তান্তর করে র্যা ব
"
['  যশোরের অভয়নগর উপজেলার ভুগিলহাট গ্রামে বাড়ি চিনিয়ে দেওয়ায় আসামির বাড়ির লোকজন গত শুক্রবার এক ব্যক্তিকে বেদম প্রহার করেছে বলে অভিযোগ পাওয়া গেছে। এ ঘটনায় গতকাল শনিবার থানায় সাধারণ ডায়েরি (জিডি) হয়েছে।'],"যশোরের অভয়নগর উপজেলার ভুগিলহাট গ্রামে বাড়ি চিনিয়ে দেওয়ায় আসামির বাড়ির লোকজন গত শুক্রবার এক ব্যক্তিকে বেদম প্রহার করেছে বলে অভিযোগ পাওয়া গেছে
অভিযুক্ত ব্যক্তিরা হলেন একই গ্রামের ধ্রুবশীল দাস (২৫), অসিত দাস (৩০), নিলু দাস (৩৫), প্রবীত দাস (৩০) ও রামপদ দাস (৩০)
অভয়নগর থানার ভারপ্রাপ্ত কর্মকর্তা (ওসি) শেখ নাসির উদ্দিন বলেন, \""তদন্তে ঘটনার সত্যতা পেয়েছি। দ্রুত ব্যবস্থা নেওয়া হবে\""
পুলিশ ও কানন বালা জানান, শুক্রবার দুপুর ১২টার দিকে আসামি ধরার জন্য ভাটপাড়া পুলিশ তদন্তকেন্দ্রের দায়িত্বপ্রাপ্ত কর্মকর্তা ও উপপরিদর্শক (এসআই) কামাল হোসেন তিন পুলিশ সদস্যকে নিয়ে ভুগিলহাট গ্রামে সাদা পোশাকে আদালতের গ্রেপ্তারি পরোয়ানাভুক্ত আসামি উজ্জ্বল দাসকে (৪০) ধরতে যায়
"
"['  \\""কথা বলা ও লেখার স্বাধীনতা বন্ধ করা যাবে না। সংবাদপত্রে নির্ভয়ে লেখা ও ছবি প্রকাশের সুযোগ দিতে হবে। কোনো অদৃশ্য চাপে সংবাদ প্রকাশ বন্ধ করা হলে চোরা পথে আসা জঙ্গিবাদ-সন্ত্রাস আমাদের জীবন বিপন্ন করবে\\""। গতকাল শনিবার চট্টগ্রাম প্রেসক্লাব মিলনায়তনে সাংবাদিকদের সঙ্গে মতবিনিময় সভায় এসব কথা বলেন জাতীয় পার্টির সাংসদ জিয়াউদ্দিন আহমেদ বাবলু। সম্প্রতি তাঁকে দলের মহাসচিবের পদ থেকে অব্যাহতি দেওয়া হয়েছে।']","\""কথা বলা ও লেখার স্বাধীনতা বন্ধ করা যাবে না। সংবাদপত্রে নির্ভয়ে লেখা ও ছবি প্রকাশের সুযোগ দিতে হবে। কোনো অদৃশ্য চাপে সংবাদ প্রকাশ বন্ধ করা হলে চোরা পথে আসা জঙ্গিবাদ-সন্ত্রাস আমাদের জীবন বিপন্ন করবে\""
নির্বাচনের মাধ্যমে ক্ষমতা হস্তান্তরের প্রক্রিয়া নির্ধারণে সব নিবন্ধিত দলকে নিয়ে জাতীয় কনভেনশন আহ্বান করা দরকার
ঢাকায় চা-বিক্রেতা হত্যার দ্রুত বিচার দাবি করে জাতীয় পার্টির এই সাংসদ বলেন, \""ইতিবাচক রাজনৈতিক সংস্কৃতি ছাড়া গণতন্ত্র অর্থহীন। এখনো জানি না তিন বছর পর কী পরিস্থিতির উদ্ভব হবে। আওয়ামী লীগ, বিএনপি, জাতীয় পার্টি—যে দলই ক্ষমতায় আসুক, পাঁচ বছরের মেয়াদ পূর্ণ করা উচিত।\""
"
['  পদত্যাগের পর আবার স্বপদে ফিরেছেন ইসলামী বিশ্ববিদ্যালয়ের সহ-উপাচার্য অধ্যাপক শাহিনুর রহমান। ব্যক্তিগত কারণ দেখিয়ে পদত্যাগের ২৭ দিন পর গতকাল শনিবার তিনি তাঁর নিজ কার্যালয়ে (সহ-উপাচার্যের কার্যালয়) অফিস করেছেন। '],"ব্যক্তিগত কারণ দেখিয়ে পদত্যাগের ২৭ দিন পর গতকাল শনিবার তিনি তাঁর নিজ কার্যালয়ে (সহ-উপাচার্যের কার্যালয়) অফিস করেছেন
শিক্ষা মন্ত্রণালয় সূত্রে জানা গেছে, পদত্যাগপত্র দেওয়ার পর তা প্রত্যাহারের জন্য অধ্যাপক শাহিনুর রহমান গত ২৮ জানুয়ারি শিক্ষা মন্ত্রণালয়ে একটি আবেদন করেন
এ ব্যাপারে জানতে চাইলে শিক্ষা মন্ত্রণালয়ের অতিরিক্ত সচিব মো. হেলাল উদ্দিন পদত্যাগপত্র প্রত্যাহারের আবেদনের বিষয়টির সত্যতা নিশ্চিত করে প্রথম আলোকে বলেন, \""তাঁর (অধ্যাপক শাহিনুর রহমান) পদত্যাগপত্র এবং তা প্রত্যাহারের আবেদন কোনোটিই আমলে আসেনি\""
"
"['  পুলিশের সাম্প্রতিক বেপরোয়া আচরণের জন্য স্বরাষ্ট্রমন্ত্রী দায়ী বলে মন্তব্য করেছেন বিএনপির নেতা হাফিজউদ্দিন আহমেদ। তিনি বলেছেন, গতকালও স্বরাষ্ট্রমন্ত্রী বলেছেন, \\""পুলিশ সব সময় ভালো কাজ করে\\""। এ ধরনের ঢালাও লাইসেন্স দেওয়ার ফলেই তারা (পুলিশ) সীমা অতিক্রম করেছে। ']","পুলিশের সাম্প্রতিক বেপরোয়া আচরণের জন্য স্বরাষ্ট্রমন্ত্রী দায়ী বলে মন্তব্য করেছেন বিএনপির নেতা হাফিজউদ্দিন আহমেদ
চাঁদা না পেয়ে এক চা-বিক্রেতাকে মৃত্যুর মুখে ঠেলে দেওয়াসহ সম্প্রতি পুলিশি নিপীড়নের কয়েকটি ঘটনার উল্লেখ করে এক আলোচনা সভায় বিএনপির ভাইস চেয়ারম্যান হাফিজউদ্দিন আহমেদ এসব কথা বলেন
তিনি বলেন, \""আজকের বাংলাদেশ দুঃশাসনের প্রতিচ্ছবি। এ দেশ এখন \'পুলিশ স্টেট\'। চা-দোকানি বাবুল মিয়া যেভাবে নিহত হয়েছেন, তা অত্যন্ত দুঃখজনক। কোথায় আজ দেশের সেই সুশীল সমাজ? তাঁদের কোনো প্রতিবাদ দেখি না\""
হাফিজউদ্দিন আরও বলেন, পুলিশ বাহিনী বেপরোয়া অবস্থায় দাঁড়িয়েছে, যেহেতু তারা একটি দলের পুলিশ বাহিনী
"
['  ১০ ফেব্রুয়ারি বুধবার বিএনপির স্থায়ী কমিটির সভা আহ্বান করা হয়েছে। বুধবার রাত সাড়ে আটটায় তাঁর গুলশানের রাজনৈতিক কার্যালয়ে এ সভা হবে। '],"দলীয় সূত্র জানায়, আগামী ১৯ মার্চ বিএনপির জাতীয় সম্মেলন অনুষ্ঠানের কথা রয়েছে
সম্মেলন সামনে রেখে দলের নীতিনির্ধারণী পর্ষদ স্থায়ী কমিটির এ সভা আহ্বান করা হয়েছে
"
['  মুক্তিযুদ্ধে শহীদের সংখ্যা নিয়ে বিএনপির চেয়ারপারসন খালেদা জিয়ার মন্তব্যের প্রতিবাদে তাঁর বাসভবন পুলিশের বাধার কারণে ঘেরাও করতে পারেনি মুক্তিযোদ্ধা সংসদ সন্তান কমান্ড। পরে সংগঠনটি সমাবেশ করে খালেদা জিয়ার বিচার দাবি করে।'],"মুক্তিযুদ্ধে শহীদের সংখ্যা নিয়ে বিএনপির চেয়ারপারসন খালেদা জিয়ার মন্তব্যের প্রতিবাদে তাঁর বাসভবন পুলিশের বাধার কারণে ঘেরাও করতে পারেনি মুক্তিযোদ্ধা সংসদ সন্তান কমান্ড
‘শহীদের সংখ্যা নিয়েও অনেক বিতর্ক আছে’—খালেদা জিয়ার এমন মন্তব্যের প্রতিবাদে গতকাল শনিবার তাঁর গুলশানের বাসভবন ঘেরাও কর্মসূচি ছিল মুক্তিযোদ্ধা সংসদ সন্তান কমান্ডের
খালেদা জিয়ার বিচার ও ইতিহাস বিকৃতকারী ব্যক্তি ও সংগঠনকে আইনের আওতায় আনা এবং তাঁদের সম্পদ বাজেয়াপ্ত করাসহ বিভিন্ন দাবি জানানো হয়
"
"['  সর্বোচ্চ আদালতের রায়ের পরও গত সাত বছরে সুপ্রিম কোর্টে বিচারক নিয়োগের জন্য আইন কেন করা হলো না—এ নিয়ে প্রশ্ন তুলেছেন ড. কামাল হোসেন। তিনি বলেন, ২০০৯ সালে উচ্চ আদালত থেকে বিচারক নিয়োগের জন্য সুনির্দিষ্ট আইন প্রণয়নের রায় এসেছে। কেন এত দিন ওই রায়কে উপেক্ষা করা হয়েছে, এত দিন সুপ্রিম কোর্টে কোন যোগ্যতার ভিত্তিতে বিচারক নিয়োগ হয়েছে, তা জানার অধিকার মানুষের আছে।']","সর্বোচ্চ আদালতের রায়ের পরও গত সাত বছরে সুপ্রিম কোর্টে বিচারক নিয়োগের জন্য আইন কেন করা হলো না—এ নিয়ে প্রশ্ন তুলেছেন ড. কামাল হোসেন
কেন এত দিন ওই রায়কে উপেক্ষা করা হয়েছে, এত দিন সুপ্রিম কোর্টে কোন যোগ্যতার ভিত্তিতে বিচারক নিয়োগ হয়েছে, তা জানার অধিকার মানুষের আছে
দেশ ‘দলীয়করণের ক্যানসারে’ ভুগছে উল্লেখ করে ড. কামাল বলেন, ক্রিকেট খেলায় যদি আম্পায়ার নিরপেক্ষ না হন, তবে খেলা পণ্ড হয়ে যাবে
"
['  মৌলভীবাজারের কুলাউড়া উপজেলার শরীফপুর সীমান্ত থেকে ধরে নিয়ে যাওয়া মানসিক ভারসাম্যহীন বাংলাদেশি ইরা মিয়াকে (৬০) ফেরত দিয়েছে ভারতীয় সীমান্তরক্ষী বাহিনী (বিএসএফ)। এক মাস দুই দিন পর গত শুক্রবার রাতে তাঁকে একই সীমান্ত দিয়ে ফেরত পাঠানো হয়।'],"মৌলভীবাজারের কুলাউড়া উপজেলার শরীফপুর সীমান্ত থেকে ধরে নিয়ে যাওয়া মানসিক ভারসাম্যহীন বাংলাদেশি ইরা মিয়াকে (৬০) ফেরত দিয়েছে ভারতীয় সীমান্তরক্ষী বাহিনী (বিএসএফ)
শরীফপুর বিজিবি ক্যাম্পের নায়েক সুবেদার রফিকুল ইসলাম বলেন, তিনি ইরা মিয়াকে ফেরত পাঠানোর কথা জানেন না
তবে গত ৩ জানুয়ারি ধরে নিয়ে যাওয়ার পর থেকে ইরা মিয়াকে ফেরত দিতে কয়েক দফা বৈঠক করে বিএসএফের ওপর চাপ সৃষ্টি করা হয়
"
"['  প্রতিপক্ষ বাংলাদেশ ক্রিকেট দলকে নিয়ে মহসিন খান সতর্ক করে দিলেন পাকিস্তানকে। পাকিস্তানের সাবেক এই ক্রিকেটারের চোখে বাংলাদেশ বিপজ্জনক প্রতিপক্ষ। পাকিস্তান ক্রিকেট দল এশিয়া কাপে যেভাবে খেলছে, তাতে আজকের ম্যাচে দলটির জন্য বাংলাদেশ কঠিন প্রতিপক্ষই।']","টুর্নামেন্টে পাকিস্তানের বাজে পারফরম্যান্সের কারণও খুঁজেছেন পাকিস্তানের হয়ে ৪৮টি টেস্ট ও ৭৫ টি ওয়ানডে খেলা মহসিন খান, \""জবাবদিহির অভাবই পাকিস্তান ক্রিকেট দলের বাজে পারফরম্যান্সের মূল কারণ। পাকিস্তান সম্প্রতি ইংল্যান্ড ও নিউজিল্যান্ডের বিপক্ষে বাজে খেলেছে। এশিয়া কাপের পারফরম্যান্সও একই ধরনের। জয়-পরাজয় খেলারই অংশ, কিন্তু পাকিস্তানের পারফরম্যান্স যাচ্ছেতাই। আমার অবাক লাগে, দলের খেলোয়াড়েরা বাজে খেলে যাচ্ছে অথচ, দলের দায়িত্বে থাকা মানুষগুলো খেলোয়াড়দের উজ্জীবিত করতে ব্যর্থতারই পরিচয় দিয়ে যাচ্ছে।\""
"
"['  দেশে সুবিধাবঞ্চিত পথশিশু আছে সাড়ে ১১ লাখ। এর মধ্যে সাড়ে পাঁচ লাখই মাদকাসক্ত। শিশুদের মাদকাসক্তি নিয়ে আয়োজিত এক সেমিনারে এসব তথ্য উল্লেখ করা হয়। সেমিনারে আলোচকেরা বলেন, শিশুদের মাদকাসক্তি নিরসনে যে পারিপার্শ্বিক অবস্থা থাকতে হয়, তা বাংলাদেশে অপ্রতুল।']","দেশে সুবিধাবঞ্চিত পথশিশু আছে সাড়ে ১১ লাখ
এর মধ্যে সাড়ে পাঁচ লাখই মাদকাসক্ত
ঢাকা আহ্ছানিয়া মিশন মিলনায়তনে গতকাল শনিবার ‘শিশু মাদকাসক্তি নিরসনে করণীয়’ শীর্ষক সেমিনারটির আয়োজন করে মাদকদ্রব্য নিয়ন্ত্রণ অধিদপ্তর ও ঢাকা আহ্ছানিয়া মিশন
প্রবন্ধে শিশুদের মাদকাসক্তি নিরাময়ের ক্ষেত্রে কিছু প্রতিবন্ধকতা তুলে ধরা হয়
তার মধ্যে পর্যাপ্ত নিরাময় কেন্দ্র না থাকা, মাদকাসক্ত শিশুর প্রতি নেতিবাচক মনোভাব, সরকারি ও বেসরকারি পর্যায়ে সমন্বয়ের অভাব, মাদকাসক্ত শিশুদের চিকিৎসায় দক্ষ জনবলের অভাব, চিকিৎসা-পরবর্তী পুনর্বাসনের ব্যবস্থা না থাকা অন্যতম
"
['  নরসিংদীর উয়ারী-বটেশ্বরের কাছাকাছি এলাকায় গতকাল শনিবার দুপুরে দেশের প্রথম প্রত্নস্থান জাদুঘর নির্মাণকাজের উদ্বোধন হয়েছে। শিবপুর উপজেলার কামরাব ধুপিরটেক এলাকায় আবিষ্কৃত বৌদ্ধ পদ্ম-মন্দিরের সংরক্ষণ এবং জাদুঘর নির্মাণের ওই কাজ উদ্বোধন করেন বিশ্ববিদ্যালয় মঞ্জুরি কমিশনের উচ্চশিক্ষা মানোন্নয়ন প্রকল্পের পরিচালক গৌরাঙ্গ চন্দ্র মহান্ত। এটি বাস্তবায়ন করছে প্রত্নতাত্ত্বিক গবেষণা কেন্দ্র ‘ঐতিহ্য অন্বেষণ’।'],"নরসিংদীর উয়ারী-বটেশ্বরের কাছাকাছি এলাকায় গতকাল শনিবার দুপুরে দেশের প্রথম প্রত্নস্থান জাদুঘর নির্মাণকাজের উদ্বোধন হয়েছে
শিবপুর উপজেলার কামরাব ধুপিরটেক এলাকায় আবিষ্কৃত বৌদ্ধ পদ্ম-মন্দিরের সংরক্ষণ এবং জাদুঘর নির্মাণের ওই কাজ উদ্বোধন করেন বিশ্ববিদ্যালয় মঞ্জুরি কমিশনের উচ্চশিক্ষা মানোন্নয়ন প্রকল্পের পরিচালক গৌরাঙ্গ চন্দ্র মহান্ত
হাবিবুল্লাহ পাঠান বলেন, এই জাদুঘর নির্মাণের মাধ্যমে বৌদ্ধ সভ্যতার ইতিহাস বিকশিত হবে
"
"['  জলবায়ু পরিবর্তনের প্রভাব মোকাবিলা-বিষয়ক কর্মশালায় বিশেষজ্ঞরা বলেছেন, গত ১৭ বছরে দেশে আঘাত হানা পাঁচটি বড় দুর্যোগে আর্থিক ক্ষতি বাংলাদেশের জিডিপির ১৫ শতাংশ। এর জন্য দায়ী ধনী দেশগুলোর কাছে থেকে ক্ষতিপূরণ আদায়ে প্রস্তুতি দরকার। হিসাব তৈরি করে আগামী ডিসেম্বরে মরক্কো বিশ্ব জলবায়ু সম্মেলনে তুলে ধরতে হবে।']","জলবায়ু পরিবর্তনের প্রভাব মোকাবিলা-বিষয়ক কর্মশালায় বিশেষজ্ঞরা বলেছেন, গত ১৭ বছরে দেশে আঘাত হানা পাঁচটি বড় দুর্যোগে আর্থিক ক্ষতি বাংলাদেশের জিডিপির ১৫ শতাংশ
অনুষ্ঠানে প্রধান অতিথির বক্তব্যে দুর্যোগ ব্যবস্থাপনা ও ত্রাণমন্ত্রী মোফাজ্জল হোসেন চৌধুরী মায়া বলেন, জলবায়ু পরিবর্তনের কারণে আগামী বছরগুলোতে দুর্যোগের পরিমাণ বাড়তে পারে
আলোচনায় অংশ নিয়ে ব্র্যাক বিশ্ববিদ্যালয়ের ইমেরিটাস অধ্যাপক আইনুন নিশাত বলেন, জলবায়ু ও দুর্যোগ মোকাবিলায় যদি সঠিকভাবে কাজ না করা হয়, তবে আগামী ২০-৩০ বছরের মধ্যে সুন্দরবনে কোনো সুন্দরীগাছ থাকবে না
"
['  এ যেন নিজের সঙ্গে খেলা। মাথায় লাল ব্যান্ড। হাতে টেনিস র্যা কেট। চুপচাপ বল পিটিয়ে চলেছেন তিনি। আয়নার দেয়ালে বাড়ি খেয়ে বারবার বল ফিরে আসছে। লাল ছোপে ভর্তি হয়ে যাচ্ছে দেয়াল। আস্তে-ধীরে ভিড় বাড়ছে এই অদ্ভুত একাকী খেলা ঘিরে। সেদিকে ভ্রুক্ষেপ নেই শিল্পীর। তাঁর ভাষায় ‘নিজের প্রতিবিম্বের সঙ্গে নিজের খেলা’ তিনি খেলে চলছেন অবিরাম। ‘ডায়ালগ নেগোসিয়েশন’ শিরোনামের এই পারফরম্যান্সের শিল্পীর নাম কবির আহমেদ মাসুম চিশতি। খেলা থেকে চোখ সরাতেই সামনে আরেক বিচিত্র ঘটনা।'],"তাঁর ভাষায় ‘নিজের প্রতিবিম্বের সঙ্গে নিজের খেলা’ তিনি খেলে চলছেন অবিরাম
‘ডায়ালগ নেগোসিয়েশন’ শিরোনামের এই পারফরম্যান্সের শিল্পীর নাম কবির আহমেদ মাসুম চিশতি
ঝলমলে রঙিন পোশাক গায়ে মাঝখানে বসে আছেন পারফরমার
ঢাকা আর্ট সামিটের পারফরম্যান্স প্যাভিলিয়ন দ্বিতীয় দিনও পূর্ণ ছিল এমন ব্যতিক্রমী সব আয়োজন আর আলোচনায় সরগরম
দর্শকদের এই বিস্ময় আর আনন্দ-কোলাহলই বলে দেবে দ্বিতীয় দিনেও ঢাকা আর্ট সামিট ঘিরে আগ্রহ একরত্তিও কমেনি; বরং প্রদর্শনীর সঙ্গে পারফরম্যান্স, আবৃত্তি আর শিল্প-বিষয়ক আলাপ-আলোচনায় কাল আরও সরব হয়ে উঠেছে শিল্পের এই মহা আয়োজন
"
['  রাজধানীর মোহাম্মদপুরে পুলিশের বিরুদ্ধে এক ছাত্রীকে হেনস্তার অভিযোগের প্রমাণ পায়নি পুলিশের তদন্ত কমিটি। ঘটনাস্থল এবং এর আশপাশের কেউই এ বিষয়ে মুখ খুলছেন না। ফলে ঘটনার বিচার নিয়ে সংশয় প্রকাশ করেছেন অভিযোগকারী ওই ছাত্রী।'],"রাজধানীর মোহাম্মদপুরে পুলিশের বিরুদ্ধে এক ছাত্রীকে হেনস্তার অভিযোগের প্রমাণ পায়নি পুলিশের তদন্ত কমিটি
গত ৩১ জানুয়ারি মোহাম্মদপুরের শিয়া মসজিদের কাছে আদাবর থানার উপপরিদর্শক (এসআই) রতন কুমার হালদার বেসরকারি বিশ্ববিদ্যালয়ের ওই ছাত্রীকে হেনস্তা করেন বলে অভিযোগ ওঠে
প্রতিবেদনে কী আছে জানতে চাইলে নাম প্রকাশ না করার শর্তে একজন কর্মকর্তা বলেন, যে দোকানে (জাপান গার্ডেন সিটি ইলেকট্রনিকস) ওই ছাত্রী হেনস্তার শিকার হয়েছেন বলে অভিযোগ উঠেছে, সেই দোকানমালিক নিজেই জানিয়েছেন, তাঁর দোকানে এমন কিছু হয়নি
তাই রতন কুমারকে হেনস্তার অভিযোগ থেকে অব্যাহতির সুপারিশ করা হচ্ছে
"
['  ঢাকার কেরানীগঞ্জের স্কুলছাত্র আবদুল্লাহ হত্যার বিচার হবে বিশেষ ট্রাইব্যুনালে। এ হত্যাকাণ্ডের খুনি মোতাহার বাংলাদেশের যে প্রান্তে থাকুক না কেন তাকে গ্রেপ্তার করা হবে।'],"ঢাকার কেরানীগঞ্জের স্কুলছাত্র আবদুল্লাহ হত্যার বিচার হবে বিশেষ ট্রাইব্যুনালে
আবদুল্লাহর পরিবারকে সান্ত্বনা দিয়ে প্রতিমন্ত্রী বলেন, \""মাননীয় প্রধানমন্ত্রীর নির্দেশে আমি এখানে এসেছি। এ হত্যাকাণ্ডের বিচারকাজ অতি দ্রুত সম্পন্ন করা হবে\""
এ সময় নিহত আবদুল্লাহর মা রিনা বেগম প্রতিমন্ত্রীকে বলেন, \""মুক্তিপণ দিয়েও ছেলেকে বাঁচাতে পারলাম না, ছেলের লাশ পাইলাম। আমরা খুনি মোতাহার ও অন্য খুনিদের গ্রেপ্তার ও ফাঁসির দাবি করছি\""
"
['  ২০৫০ সালে দেশের বর্ধিত জনসংখ্যার খাদ্যের চাহিদা পূরণের জন্য চালের প্রয়োজন হবে ৪ কোটি ৪৬ লাখ মেট্রিক টন। আর গত পাঁচ বছরের চালের উৎপাদন বৃদ্ধির হার অব্যাহত থাকলে এই পরিমাণ চাল উৎপাদন করে তখন দেশে ২ কোটি ৬০ লাখ মেট্রিক টন চাল উদ্বৃত্ত থাকবে।'],"২০৫০ সালে দেশের বর্ধিত জনসংখ্যার খাদ্যের চাহিদা পূরণের জন্য চালের প্রয়োজন হবে ৪ কোটি ৪৬ লাখ মেট্রিক টন
গতকাল শনিবার সকালে গাজীপুরে বাংলাদেশ ধান গবেষণা ইনস্টিটিউট (ব্রি) মিলনায়তনে ‘২৪তম ধান গবেষণা ও সম্প্রসারণ কর্মশালা এবং ব্রি বার্ষিক গবেষণা পর্যালোচনা কর্মশালা ২০১৪-১৫’ উদ্বোধন অনুষ্ঠানে বিজ্ঞানী ও বিশেষজ্ঞরা এ আশাবাদ ব্যক্ত করেন
"
['  দলীয় শৃঙ্খলা ভঙ্গের অভিযোগে নারায়ণগঞ্জের রূপগঞ্জ উপজেলা পরিষদের চেয়ারম্যান ও উপজেলা আওয়ামী লীগের সাধারণ সম্পাদক শাজাহান ভূঁইয়াকে দলীয় পদ থেকে অব্যাহতির সিদ্ধান্ত নিয়েছে স্থানীয় আওয়ামী লীগ।'],"দলীয় শৃঙ্খলা ভঙ্গের অভিযোগে নারায়ণগঞ্জের রূপগঞ্জ উপজেলা পরিষদের চেয়ারম্যান ও উপজেলা আওয়ামী লীগের সাধারণ সম্পাদক শাজাহান ভূঁইয়াকে দলীয় পদ থেকে অব্যাহতির সিদ্ধান্ত নিয়েছে স্থানীয় আওয়ামী লীগ
শাজাহান ভূঁইয়া বলেন, সাংসদের লোকজনের দখলবাজি ও অনৈতিক কর্মকাণ্ডের সমর্থন দিই না বলে গুটিকয়েক নেতা-কর্মীকে পয়সার ফাঁদে ফেলে আমার বিরুদ্ধে ষড়যন্ত্রের চেষ্টা করা হচ্ছে
যদি দলীয় শৃঙ্খলা ভঙ্গের অভিযোগ প্রমাণিত হয় তাহলে আমি নিজেই ইস্তফা দেব
"
"['   ‘দৃষ্টিজুড়ে স্বপ্ন শিখর, যুগান্তরের গান’ এই স্লোগান সামনে রেখে জাহাঙ্গীরনগর থিয়েটার ১১ দিনব্যাপী সাংস্কৃতিক উৎসবের আয়োজন করেছে। গতকাল শনিবার শুরু হয়েছে এই উৎসব।']","‘দৃষ্টিজুড়ে স্বপ্ন শিখর, যুগান্তরের গান’ এই স্লোগান সামনে রেখে জাহাঙ্গীরনগর থিয়েটার ১১ দিনব্যাপী সাংস্কৃতিক উৎসবের আয়োজন করেছে
এ সময় থিয়েটারের সভাপতি অধ্যাপক সৈয়দ মোহাম্মদ কামরুল আহছান, সাধারণ সম্পাদক মেহেদি হাসান, উৎসবের আহ্বায়ক কামরুজ্জামান মনিরসহ সংগঠনের কর্মীরা উপস্থিত ছিলেন
উৎসবের প্রথম দিন গতকাল সন্ধ্যায় মুক্তমঞ্চে প্রদর্শিত হয় নাটক ও নাট্যতত্ত্ব বিভাগ প্রযোজিত নাটক রতি আরতির গীত
"
"['  সংস্কৃতিমন্ত্রী আসাদুজ্জামান নূর বলেছেন, সোনারগাঁয়ের পানাম নগর ও বড় সর্দার বাড়ি পর্যটকদের জন্য আকর্ষণীয় স্থান। দক্ষিণ কোরিয়ার সহায়তায় বড় সর্দার বাড়ির মতো পানাম নগরও সংস্কার করা হবে।']","গতকাল শনিবার বেলা সাড়ে ১১টার দিকে নারায়ণগঞ্জের সোনারগাঁ উপজেলায় বাংলাদেশ লোক ও কারুশিল্প ফাউন্ডেশনের বড় সর্দার বাড়ির সংরক্ষণকাজ দেখতে গিয়ে সন্ত্রী এ আশাবাদ ব্যক্ত করেন
সংস্কৃতিমন্ত্রী বলেন, \""সরকার দেশের সব ঐতিহ্য ও স্থাপনা সংরক্ষণে কাজ করে যাচ্ছে। এ জন্য মন্ত্রণালয়ের অর্থায়নের পাশাপাশি বিদেশ থেকে আর্থিক সহায়তা নেওয়া হচ্ছে\""
"
"['   ‘শিশুটি মরে গেছে’ বলে শিল্পী আজম খান চিৎকার করে উঠেছিলেন ‘হায় আমার বাংলাদেশ’ বলে। আমরা এখন কাকে ডাকব? লাগাতার শিশুহত্যার লানতের মুখে সমাধান নেই, হা–হুতাশ আছে। চিৎকার নেই, পরিসংখ্যান আছে। গত চার বছরে ১ হাজার ৮৫ জন শিশু হত্যার শিকার, আর এ বছরের প্রথম দুই মাসেই ৪৯ জন! এ যোগফল কেবল থানায় আসা ঘটনার। মধ্যবিত্তের নিচের ও ওপরের অনেক ঘটনাই পরিসংখ্যানের বাইরে থেকে যায়। তাহলেও এ নিষ্পাপ জীবনগুলো এভাবে সংখ্যা হয়ে যেতে পারে না। প্রতিটি মুখ, প্রতিটি নাম একেকটা করে ভােলাবাসার সিন্দুক, একেকটা স্মৃতির ঝলক। মাহমুদুল হকের একটি ছোট গল্পের নাম ‘প্রতিদিন একটি রুমাল’! প্রতিদিন প্রায় একটি করে শিশুহত্যা হচ্ছে দেশে! ']","‘শিশুটি মরে গেছে’ বলে শিল্পী আজম খান চিৎকার করে উঠেছিলেন ‘হায় আমার বাংলাদেশ’ বলে
গত চার বছরে ১ হাজার ৮৫ জন শিশু হত্যার শিকার, আর এ বছরের প্রথম দুই মাসেই ৪৯ জন! এ যোগফল কেবল থানায় আসা ঘটনার
প্রতিটি মুখ, প্রতিটি নাম একেকটা করে ভােলাবাসার সিন্দুক, একেকটা স্মৃতির ঝলক
মাহমুদুল হকের একটি ছোট গল্পের নাম ‘প্রতিদিন একটি রুমাল’! প্রতিদিন প্রায় একটি করে শিশুহত্যা হচ্ছে দেশে!
"
['  ব্রাহ্মণবাড়িয়ার আখাউড়ায় এক ব্যক্তিকে জীবন্ত মাটিচাপা দেওয়ার ঘটনা ঘটেছে। গতকাল শনিবার সন্ধ্যায় এ ঘটনা ঘটে পৌর শহরের খড়মপুর বাইপাস এলাকায়। তবে মাটিচাপা শেষ হওয়ার কয়েক মিনিটের মধ্যে পুলিশ মাটি খুঁড়ে ওই ব্যক্তিকে উদ্ধার করেছে।'],"ব্রাহ্মণবাড়িয়ার আখাউড়ায় এক ব্যক্তিকে জীবন্ত মাটিচাপা দেওয়ার ঘটনা ঘটেছে
তবে মাটিচাপা শেষ হওয়ার কয়েক মিনিটের মধ্যে পুলিশ মাটি খুঁড়ে ওই ব্যক্তিকে উদ্ধার করেছে
তাঁর এক সঙ্গী মো. বিল্লাল হোসেন (২৩) কবরে নামার পরই জীবন্ত ওই ব্যক্তির শরীরে মাটি ফেলতে থাকেন
"
['  সাংবাদিক ফরহাদ খাঁ দম্পতি হত্যাকারীদের ফাঁসির রায় দ্রুত কার্যকরের দাবি জানিয়েছে সাংবাদিক ফরহাদ খাঁ স্মৃতি ফাউন্ডেশন। গতকাল শনিবার বেলা ১২টায় জাতীয় প্রেসক্লাবের সামনে আয়োজিত এক মানববন্ধন কর্মসূচি থেকে এ দাবি করা হয়।'],"সাংবাদিক ফরহাদ খাঁ দম্পতি হত্যাকারীদের ফাঁসির রায় দ্রুত কার্যকরের দাবি জানিয়েছে সাংবাদিক ফরহাদ খাঁ স্মৃতি ফাউন্ডেশন
গতকাল শনিবার বেলা ১২টায় জাতীয় প্রেসক্লাবের সামনে আয়োজিত এক মানববন্ধন কর্মসূচি থেকে এ দাবি করা হয়
"
"['  চা-দোকানি বাবুল মাতবর (৫০) সবকিছুর ঊর্ধ্বে চলে গেছেন। তাঁর কাছে কেউ আর চাঁদা চাইতে পারবে না। চাঁদা না পেয়ে কেউ লাথি মেরে জ্বলন্ত চুলার ওপর ফেলে দিতে পারবে না। কারণ, পুড়ে অঙ্গার বাবুল গতকাল বৃহস্পতিবার দুপুরে ঢাকা মেডিকেল কলেজ হাসপাতালের বার্ন ইউনিটে মারা গেছেন।']","চা-দোকানি বাবুল মাতবর (৫০) সবকিছুর ঊর্ধ্বে চলে গেছেন
কারণ, পুড়ে অঙ্গার বাবুল গতকাল বৃহস্পতিবার দুপুরে ঢাকা মেডিকেল কলেজ হাসপাতালের বার্ন ইউনিটে মারা গেছেন
চাঁদা দিতে রাজি না হওয়ায় বাবুলকে লাথি মেরে কেরোসিন তেলের জ্বলন্ত চুলার ওপর ফেলে দেন সোর্স দেলোয়ার
"
['  পদচারী-সেতু ব্যবহার না করে রাস্তা পার হয়ে ‘গণ-উপদ্রব’ সৃষ্টির অভিযোগে ৮১ জনকে জরিমানা করেছেন ঢাকা মহানগর পুলিশের (ডিএমপি) ভ্রাম্যমাণ আদালত। গতকাল বৃহস্পতিবার সকাল সাড়ে ১০টা থেকে বেলা দেড়টা পর্যন্ত বাংলামোটর সিগন্যালে ওই আদালত পরিচালিত হয়।'],"পদচারী-সেতু ব্যবহার না করে রাস্তা পার হয়ে ‘গণ-উপদ্রব’ সৃষ্টির অভিযোগে ৮১ জনকে জরিমানা করেছেন ঢাকা মহানগর পুলিশের (ডিএমপি) ভ্রাম্যমাণ আদালত
জরিমানার দণ্ড পাওয়া ব্যক্তিদের মধ্যে সরকারি কর্মচারী, পুলিশের সদস্য ও সাংবাদিকও রয়েছেন
ভ্রাম্যমাণ আদালত পরিচালনার সময় আমিনুল ইসলাম নামের এক ব্যক্তিকে পুলিশের সদস্যরা মারধর করেন বলে অভিযোগ উঠেছে
"
['  এখন বাজারে মোটা চালের কেজি ৩০ থেকে ৩২ টাকা। আর খাদ্য অধিদপ্তর খোলাবাজারে বিক্রি করছে ২০ টাকায়। কিন্তু এই চালের মান পড়ে যাওয়ায় সহজে বিক্রি হচ্ছে না। তাই ৩২ টাকা কেজি দরে কেনা এই চাল এখন ১৫ টাকায় বিক্রির পরিকল্পনা করছে খাদ্য মন্ত্রণালয়।'],"এখন বাজারে মোটা চালের কেজি ৩০ থেকে ৩২ টাকা
আর খাদ্য অধিদপ্তর খোলাবাজারে বিক্রি করছে ২০ টাকায়
কিন্তু এই চালের মান পড়ে যাওয়ায় সহজে বিক্রি হচ্ছে না
তাই ৩২ টাকা কেজি দরে কেনা এই চাল এখন ১৫ টাকায় বিক্রির পরিকল্পনা করছে খাদ্য মন্ত্রণালয়
গত বুধবার ত্রাণ মন্ত্রণালয়বিষয়ক সংসদীয় স্থায়ী কমিটির সভায় সাংসদেরা টিআর ও কাবিখায় চাল-গম চান না বলে জানিয়ে দিয়েছেন
"
['  দলকে সরকার থেকে যতটুকু সম্ভব আলাদা করার পরিকল্পনা আছে আওয়ামী লীগের। আগামী জাতীয় নির্বাচন সামনে রেখে সাংগঠনিক কর্মকাণ্ডে গতি আনতে এবং সরকার ও দলের মধ্যে ভারসাম্য রক্ষার লক্ষ্যে এ পরিকল্পনা বিবেচনায় নেওয়া হয়েছে। তবে সবকিছুই নির্ভর করছে দলীয় প্রধান শেখ হাসিনার শেষ মুহূর্তের চিন্তার ওপর। আওয়ামী লীগের নীতি নির্ধারণী পর্যায়ের একাধিক নেতার সঙ্গে কথা বলে এ তথ্য পাওয়া গেছে।'],"দলকে সরকার থেকে যতটুকু সম্ভব আলাদা করার পরিকল্পনা আছে আওয়ামী লীগের
আগামী জাতীয় নির্বাচন সামনে রেখে সাংগঠনিক কর্মকাণ্ডে গতি আনতে এবং সরকার ও দলের মধ্যে ভারসাম্য রক্ষার লক্ষ্যে এ পরিকল্পনা বিবেচনায় নেওয়া হয়েছে
দলের দায়িত্বশীল একাধিক সূত্র বলছে, টানা সাত বছর ক্ষমতায় থাকার কারণে অনেক এলাকায় উপদলীয় কোন্দল-রেষারেষিতে আওয়ামী লীগ সাংগঠনিকভাবে দুর্বল হয়ে পড়েছে
আগামী কাউন্সিলের মাধ্যমে সরকার ও দল পৃথক করার ভাবনা বাস্তবে প্রয়োগ করতে গেলে যাঁরা দলে সুযোগ পাবেন না, তাঁদের মধ্যে দু-একজনকে মন্ত্রিসভায় স্থান দেওয়া হতে পারে
"
"['  বাম রাজনীতি, কৃষক রাজনীতির অন্যতম ঘাঁটি পাঁচবিবি ও আক্কেলপুর, আপন কর্মে তাদের খ্যাতি। বিভাগপূর্বকাল থেকে এ দুই অঞ্চল পূর্বোক্ত রাজনীতির শক্ত ঘাঁটি। এ অঞ্চলে, বিশেষ করে বামধারায় প্রভাবিত কৃষক আন্দোলনের ভিত গড়ে তোলার ক্ষেত্রে সে সময় ডা. আবদুল কাদের চৌধুরীর অবদান প্রবাদপ্রতিম। বিভাগ-উত্তর সময়ে পাঁচবিবির নাম বারবার রাজনীতিতে উঠে আসে মাওলানা আবদুল হামিদ খান ভাসানীর কল্যাণে।']","এ অঞ্চলে, বিশেষ করে বামধারায় প্রভাবিত কৃষক আন্দোলনের ভিত গড়ে তোলার ক্ষেত্রে সে সময় ডা. আবদুল কাদের চৌধুরীর অবদান প্রবাদপ্রতিম
পাঁচবিবি-আক্কেলপুর এলাকায় ভাষা আন্দোলন গড়ে তোলার অন্যতম প্রধান কারিগর আক্কেলপুর নিবাসী, বগুড়া আজিজুল হক কলেজের জ্যেষ্ঠ ছাত্র কবি আতাউর রহমান
বগুড়াকেন্দ্রিক রাজনীতি পাঁচবিবি-আক্কেলপুরের রাজনৈতিক তৎপরতা প্রভাবিত করলেও এদের নিজস্ব সাংগঠনিক ক্ষমতা ছিল যথেষ্ট
স্থানীয় সূত্রে সুজন হাজারী লিখেছেন: \""বামপন্থী রাজনীতি ও সাংস্কৃতিক কর্মকাণ্ডে অগ্রসর কমিউনিস্টদের শক্ত ঘাঁটি নামে পরিচিত পাঁচবিবি এবং আক্কেলপুরের ছাত্ররা ভাষা আন্দোলনে ঝাঁপিয়ে পড়েন। পাঁচবিবিতে রাষ্ট্রভাষা সংগ্রাম পরিষদ গঠিত হয়\""
"
['  টাঙ্গাইল থেকে নির্বাচিত আওয়ামী লীগের সাংসদ আমানুর রহমান খান (রানা) ও তাঁর ভাইদের বিরুদ্ধে দায়ের করা মুক্তিযোদ্ধা ফারুক আহমেদ হত্যা মামলাটি দ্রুত বিচার ট্রাইব্যুনালে পাঠানোর প্রক্রিয়া শুরু করেছে জেলা পুলিশ। এখন তাঁদের দ্রুত গ্রেপ্তার দাবি করেছেন আওয়ামী লীগের স্থানীয় নেতারা।'],"টাঙ্গাইল থেকে নির্বাচিত আওয়ামী লীগের সাংসদ আমানুর রহমান খান (রানা) ও তাঁর ভাইদের বিরুদ্ধে দায়ের করা মুক্তিযোদ্ধা ফারুক আহমেদ হত্যা মামলাটি দ্রুত বিচার ট্রাইব্যুনালে পাঠানোর প্রক্রিয়া শুরু করেছে জেলা পুলিশ
পদ টিকিয়ে রাখতে গত ৫ জানুয়ারি তিনি অনেকটা চুপি চুপি সংসদের হাজিরা খাতায় সই করে আবারও লাপাত্তা হয়ে যান
সংসদ সচিবালয় সূত্র জানায়, আমানুর রহমান খান সংসদের হাজিরা খাতায় সর্বশেষ সই করেন গত ৫ জুলাই, বাজেট অধিবেশনে
সংবিধানের ৬৬ (২)-এর ঘ ধারায় বলা হয়েছে, নৈতিক স্খলনজনিত ফৌজদারি অপরাধে সাব্যস্ত হয়ে কমপক্ষে দুই বছর দণ্ডিত হলে তাঁর সংসদ সদস্যপদ বাতিল হয়ে যাবে
"
['  যুব বিশ্বকাপে বাংলাদেশের কাছে ‘কোয়ার্টার ফাইনাল’ যেন বারমুডা ট্রায়াঙ্গাল! এই ধাপটায় এসে কেন যেন বারবার পথ হারিয়ে ফেলেন যুবারা। এর আগে এমনটা ঘটেছে তিনবার। যুবাদের সামনে আবারও আরেকটি কোয়ার্টার ফাইনাল। এবার বাংলাদেশকে চ্যালেঞ্জ জানাচ্ছে নেপাল। মিরাজ-নাজমুলরা কি আজ পারবেন পূর্বসূরিদের ছাড়িয়ে যেতে?'],"যুব বিশ্বকাপে বাংলাদেশের কাছে ‘কোয়ার্টার ফাইনাল’ যেন বারমুডা ট্রায়াঙ্গাল! এই ধাপটায় এসে কেন যেন বারবার পথ হারিয়ে ফেলেন যুবারা
প্রতিপক্ষকে সমীহ করেই নিজেদের জয়ের ধারা অব্যাহত রাখার প্রত্যয় অধিনায়ক মেহেদী হাসান মিরাজের, \""নেপালকে হালকাভাবে নেওয়ার কিছু নেই। ওরা যেহেতু কোয়ার্টার ফাইনালে উঠেছে, অবশ্যই তারা ভালো দল। ওদের হালকাভাবে নিলে বরং আমাদের সমস্যা। যেভাবে আমরা দিনে দিনে উন্নতি করছি, যেভাবে এগিয়ে চলছি, এই ম্যাচেও ওই প্রক্রিয়ায় থাকব\""
আজও যদি গ্যালারি কক্সবাজারের মতোই ভরে ওঠে, হাজার হাজার দর্শকের সামনে খেলার নতুন এক অভিজ্ঞতা হবে মিরাজদের
"
['  সুদীপ্ত দত্ত অর্জুন নামে এক কিশোরের লাশ আজ মঙ্গলবার সকালে ধানমন্ডি লেক থেকে উদ্ধার করেছে পুলিশ। সুদীপ্ত রাজধানীর রাইফেলস স্কুল অ্যান্ড কলেজের শিক্ষার্থী। সে এ বছরের এইচএসসি পরীক্ষার্থী।'],"সুদীপ্ত দত্ত অর্জুন নামে এক কিশোরের লাশ আজ মঙ্গলবার সকালে ধানমন্ডি লেক থেকে উদ্ধার করেছে পুলিশ
আজ সকাল সাড়ে আটটার দিকে ধানমন্ডি লেকে একজনের লাশ ভাসতে দেখে পুলিশে খবর দেয় সেখানে ঘুরতে আসা কয়েকজন ব্যক্তি
ধানমন্ডি থানার ভারপ্রাপ্ত কর্মকর্তা (ওসি-তদন্ত) হেলালউদ্দিন প্রথম আলোকে বলেন, ছেলেটির স্বাস্থ্যগত কিছু সমস্যা ছিল
পরিবারের ওপর রাগ করে গত ২৮ ফেব্রুয়ারি সে বাসা থেকে বের হয়ে যায়
এরপর তার পরিবারের পক্ষ থেকে থানায় একটি সাধারণ ডায়েরি (জিডি) করা হয়
ময়নাতদন্তের জন্য লাশ ঢাকা মেডিকেল কলেজে পাঠানো হয়েছে বলে জানান তিনি
"
